/*
SQLyog Community v11.31 (64 bit)
MySQL - 5.0.67-community-nt : Database - sch2k16
*********************************************************************
*/

/*!40101 SET NAMES utf8 */;

/*!40101 SET SQL_MODE=''*/;

/*!40014 SET @OLD_UNIQUE_CHECKS=@@UNIQUE_CHECKS, UNIQUE_CHECKS=0 */;
/*!40014 SET @OLD_FOREIGN_KEY_CHECKS=@@FOREIGN_KEY_CHECKS, FOREIGN_KEY_CHECKS=0 */;
/*!40101 SET @OLD_SQL_MODE=@@SQL_MODE, SQL_MODE='NO_AUTO_VALUE_ON_ZERO' */;
/*!40111 SET @OLD_SQL_NOTES=@@SQL_NOTES, SQL_NOTES=0 */;
CREATE DATABASE /*!32312 IF NOT EXISTS*/`sch2k16` /*!40100 DEFAULT CHARACTER SET latin1 */;

USE `sch2k16`;

/*Table structure for table `course` */

CREATE TABLE `course` (
  `courseid` int(11) NOT NULL default '0',
  `code` varchar(15) default NULL,
  `title` varchar(100) default NULL,
  `hours` varchar(10) default NULL,
  `abbrev` varchar(15) default NULL
) ENGINE=MyISAM DEFAULT CHARSET=latin1;

/*Data for the table `course` */

insert  into `course`(`courseid`,`code`,`title`,`hours`,`abbrev`) values (1,'BA1101','Introduction to Accounting','3,0',NULL);
insert  into `course`(`courseid`,`code`,`title`,`hours`,`abbrev`) values (2,'BA1102','Microeconomics','3,0',NULL);
insert  into `course`(`courseid`,`code`,`title`,`hours`,`abbrev`) values (3,'BA1105','English Writing Skills','3,0',NULL);
insert  into `course`(`courseid`,`code`,`title`,`hours`,`abbrev`) values (4,'BA1201','Financial Accounting','3,0',NULL);
insert  into `course`(`courseid`,`code`,`title`,`hours`,`abbrev`) values (5,'BA1202','Macroeconomics','3,0',NULL);
insert  into `course`(`courseid`,`code`,`title`,`hours`,`abbrev`) values (6,'BA1203','Management Principles','3,0',NULL);
insert  into `course`(`courseid`,`code`,`title`,`hours`,`abbrev`) values (7,'BA1204','Maths for Business','3,0',NULL);
insert  into `course`(`courseid`,`code`,`title`,`hours`,`abbrev`) values (8,'BA1206','Oral Communication and Presentation Skills','3,0',NULL);
insert  into `course`(`courseid`,`code`,`title`,`hours`,`abbrev`) values (9,'BA2303','Marketing Principles','3,0',NULL);
insert  into `course`(`courseid`,`code`,`title`,`hours`,`abbrev`) values (10,'BA2305','Statistics and Mathematics for Business','3,0',NULL);
insert  into `course`(`courseid`,`code`,`title`,`hours`,`abbrev`) values (11,'BA2307','Sociology','3,0',NULL);
insert  into `course`(`courseid`,`code`,`title`,`hours`,`abbrev`) values (12,'BA2311','Business Statistics','3,0',NULL);
insert  into `course`(`courseid`,`code`,`title`,`hours`,`abbrev`) values (13,'BA2312','Human Behavior','3,0',NULL);
insert  into `course`(`courseid`,`code`,`title`,`hours`,`abbrev`) values (14,'BA2401','Money and Banking','3,0',NULL);
insert  into `course`(`courseid`,`code`,`title`,`hours`,`abbrev`) values (15,'BA2402','Retail Management','3,0',NULL);
insert  into `course`(`courseid`,`code`,`title`,`hours`,`abbrev`) values (16,'BA2403','Business Ethics','3,0',NULL);
insert  into `course`(`courseid`,`code`,`title`,`hours`,`abbrev`) values (17,'BA2406','Business and Electronic Communication','3,0',NULL);
insert  into `course`(`courseid`,`code`,`title`,`hours`,`abbrev`) values (18,'BA3501','Financial Markets and Institutions','3,0',NULL);
insert  into `course`(`courseid`,`code`,`title`,`hours`,`abbrev`) values (19,'BA3504','Organizational Behavior','3,0',NULL);
insert  into `course`(`courseid`,`code`,`title`,`hours`,`abbrev`) values (20,'BA3505','Quantitative Skills','3,0',NULL);
insert  into `course`(`courseid`,`code`,`title`,`hours`,`abbrev`) values (21,'BA3507','Consumer Behavior','3,0',NULL);
insert  into `course`(`courseid`,`code`,`title`,`hours`,`abbrev`) values (22,'BA3508','Media Management','3,0',NULL);
insert  into `course`(`courseid`,`code`,`title`,`hours`,`abbrev`) values (23,'BA3519','Current Affairs','3,0',NULL);
insert  into `course`(`courseid`,`code`,`title`,`hours`,`abbrev`) values (24,'BA3601','Financial Management','3,0',NULL);
insert  into `course`(`courseid`,`code`,`title`,`hours`,`abbrev`) values (25,'BA3602','Marketing Management','3,0',NULL);
insert  into `course`(`courseid`,`code`,`title`,`hours`,`abbrev`) values (26,'BA3603','Business Research Methods','3,0',NULL);
insert  into `course`(`courseid`,`code`,`title`,`hours`,`abbrev`) values (27,'BA3604','Computer Programming for Managers','2,1',NULL);
insert  into `course`(`courseid`,`code`,`title`,`hours`,`abbrev`) values (28,'BA3605','Statistical Inference','3,0',NULL);
insert  into `course`(`courseid`,`code`,`title`,`hours`,`abbrev`) values (29,'BA3607','Operations Management','3,0',NULL);
insert  into `course`(`courseid`,`code`,`title`,`hours`,`abbrev`) values (30,'BA3609','Pakistan Economy','3,0',NULL);
insert  into `course`(`courseid`,`code`,`title`,`hours`,`abbrev`) values (31,'BA3616','Customer Relationship Management','3,0',NULL);
insert  into `course`(`courseid`,`code`,`title`,`hours`,`abbrev`) values (32,'BA3617','Introduction to International Business','3,0',NULL);
insert  into `course`(`courseid`,`code`,`title`,`hours`,`abbrev`) values (33,'BA3618','Leadership Development','3,0',NULL);
insert  into `course`(`courseid`,`code`,`title`,`hours`,`abbrev`) values (34,'BA3619','Enterprise Management','3,0',NULL);
insert  into `course`(`courseid`,`code`,`title`,`hours`,`abbrev`) values (35,'BA4116','Supply Chain Management','3,0',NULL);
insert  into `course`(`courseid`,`code`,`title`,`hours`,`abbrev`) values (36,'BA4217','Experiential Marketing','3,0',NULL);
insert  into `course`(`courseid`,`code`,`title`,`hours`,`abbrev`) values (37,'BA4218','Financial Research','3,0',NULL);
insert  into `course`(`courseid`,`code`,`title`,`hours`,`abbrev`) values (38,'BA4701','Islamic Banking and Finance','3,0',NULL);
insert  into `course`(`courseid`,`code`,`title`,`hours`,`abbrev`) values (39,'BA4703','Staffing / Compensation and Employee Development','3,0',NULL);
insert  into `course`(`courseid`,`code`,`title`,`hours`,`abbrev`) values (40,'BA4704','Management Information Systems','3,0',NULL);
insert  into `course`(`courseid`,`code`,`title`,`hours`,`abbrev`) values (41,'BA4705','Services Marketing','3,0',NULL);
insert  into `course`(`courseid`,`code`,`title`,`hours`,`abbrev`) values (42,'BA4719','Investment Banking','3,0',NULL);
insert  into `course`(`courseid`,`code`,`title`,`hours`,`abbrev`) values (43,'BA4721','Advertising','3,0',NULL);
insert  into `course`(`courseid`,`code`,`title`,`hours`,`abbrev`) values (44,'BA4722','Brand Management','3,0',NULL);
insert  into `course`(`courseid`,`code`,`title`,`hours`,`abbrev`) values (45,'BA4739','Export Marketing','3,0',NULL);
insert  into `course`(`courseid`,`code`,`title`,`hours`,`abbrev`) values (46,'BA4801','Law and Taxation','3,0',NULL);
insert  into `course`(`courseid`,`code`,`title`,`hours`,`abbrev`) values (47,'BA4804','Human Resource Management','3,0',NULL);
insert  into `course`(`courseid`,`code`,`title`,`hours`,`abbrev`) values (48,'BA4808','Thesis','6,0',NULL);
insert  into `course`(`courseid`,`code`,`title`,`hours`,`abbrev`) values (49,'BA4813','Training and Development','3,0',NULL);
insert  into `course`(`courseid`,`code`,`title`,`hours`,`abbrev`) values (50,'BA4816','Industrial Marketing','3,0',NULL);
insert  into `course`(`courseid`,`code`,`title`,`hours`,`abbrev`) values (51,'BA4821','Media Planning','3,0',NULL);
insert  into `course`(`courseid`,`code`,`title`,`hours`,`abbrev`) values (52,'BA4824','Sales Management','3,0',NULL);
insert  into `course`(`courseid`,`code`,`title`,`hours`,`abbrev`) values (53,'BA5104','Strategic Management','3,0',NULL);
insert  into `course`(`courseid`,`code`,`title`,`hours`,`abbrev`) values (54,'BA5105','Financial Management','3,0',NULL);
insert  into `course`(`courseid`,`code`,`title`,`hours`,`abbrev`) values (55,'BA5106','Marketing Management','3,0',NULL);
insert  into `course`(`courseid`,`code`,`title`,`hours`,`abbrev`) values (56,'BA5109','Thesis','6,0',NULL);
insert  into `course`(`courseid`,`code`,`title`,`hours`,`abbrev`) values (57,'BA5114','Leadership and Motivation Techniques','3,0',NULL);
insert  into `course`(`courseid`,`code`,`title`,`hours`,`abbrev`) values (58,'BA5117','Performance Appraisal','3,0',NULL);
insert  into `course`(`courseid`,`code`,`title`,`hours`,`abbrev`) values (59,'BA5121','Advertising','3,0',NULL);
insert  into `course`(`courseid`,`code`,`title`,`hours`,`abbrev`) values (60,'BA5122','Brand Management','3,0',NULL);
insert  into `course`(`courseid`,`code`,`title`,`hours`,`abbrev`) values (61,'BA5124','Customer Relationship Management','3,0',NULL);
insert  into `course`(`courseid`,`code`,`title`,`hours`,`abbrev`) values (62,'BA5126','Export Marketing','3,0',NULL);
insert  into `course`(`courseid`,`code`,`title`,`hours`,`abbrev`) values (63,'BA5127','Global Marketing','3,0',NULL);
insert  into `course`(`courseid`,`code`,`title`,`hours`,`abbrev`) values (64,'BA5129','Services Marketing','3,0',NULL);
insert  into `course`(`courseid`,`code`,`title`,`hours`,`abbrev`) values (65,'BA5135','Financial Markets and Institutions','3,0',NULL);
insert  into `course`(`courseid`,`code`,`title`,`hours`,`abbrev`) values (66,'BA5139','Financial Risk Analysis','3,0',NULL);
insert  into `course`(`courseid`,`code`,`title`,`hours`,`abbrev`) values (67,'BA5159','Salary and Compensation','3,0',NULL);
insert  into `course`(`courseid`,`code`,`title`,`hours`,`abbrev`) values (68,'BA5167','Talent Management and Succession Planning','3,0',NULL);
insert  into `course`(`courseid`,`code`,`title`,`hours`,`abbrev`) values (69,'BA5175','Banking Operations','3,0',NULL);
insert  into `course`(`courseid`,`code`,`title`,`hours`,`abbrev`) values (70,'BA5198','Experiential and Content Marketing','3,0',NULL);
insert  into `course`(`courseid`,`code`,`title`,`hours`,`abbrev`) values (71,'BA5203','Strategic Marketing','3,0',NULL);
insert  into `course`(`courseid`,`code`,`title`,`hours`,`abbrev`) values (72,'BA5205','Human Resource Management','3,0',NULL);
insert  into `course`(`courseid`,`code`,`title`,`hours`,`abbrev`) values (73,'BA5208','Strategic Finance','3,0',NULL);
insert  into `course`(`courseid`,`code`,`title`,`hours`,`abbrev`) values (74,'BA5214','Supply Chain Management','3,0',NULL);
insert  into `course`(`courseid`,`code`,`title`,`hours`,`abbrev`) values (75,'BA5216','Training and Development','3,0',NULL);
insert  into `course`(`courseid`,`code`,`title`,`hours`,`abbrev`) values (76,'BA5217','Industrial Marketing','3,0',NULL);
insert  into `course`(`courseid`,`code`,`title`,`hours`,`abbrev`) values (77,'BA5219','Research Project','3,0',NULL);
insert  into `course`(`courseid`,`code`,`title`,`hours`,`abbrev`) values (78,'BA5224','Media Planning and Management','3,0',NULL);
insert  into `course`(`courseid`,`code`,`title`,`hours`,`abbrev`) values (79,'BA5229','Financial Modeling','3,0',NULL);
insert  into `course`(`courseid`,`code`,`title`,`hours`,`abbrev`) values (80,'BA5231','Islamic Banking and Finance','3,0',NULL);
insert  into `course`(`courseid`,`code`,`title`,`hours`,`abbrev`) values (81,'BA5232','Portfolio and Investment Management','3,0',NULL);
insert  into `course`(`courseid`,`code`,`title`,`hours`,`abbrev`) values (82,'BA5234','Security Analysis','3,0',NULL);
insert  into `course`(`courseid`,`code`,`title`,`hours`,`abbrev`) values (83,'BA5235','Treasury and Funds Management','3,0',NULL);
insert  into `course`(`courseid`,`code`,`title`,`hours`,`abbrev`) values (84,'BA5266','Strategic Procurement in SCM','3,0',NULL);
insert  into `course`(`courseid`,`code`,`title`,`hours`,`abbrev`) values (85,'BA5273','Prudential Regulations','3,0',NULL);
insert  into `course`(`courseid`,`code`,`title`,`hours`,`abbrev`) values (86,'BA5301','Financial Accounting','3,0',NULL);
insert  into `course`(`courseid`,`code`,`title`,`hours`,`abbrev`) values (87,'BA5305','Statistics and Mathematics for Business','3,0',NULL);
insert  into `course`(`courseid`,`code`,`title`,`hours`,`abbrev`) values (88,'BA5308','International Business','3,0',NULL);
insert  into `course`(`courseid`,`code`,`title`,`hours`,`abbrev`) values (89,'BA5318','Organizational Development and Analysis','3,0',NULL);
insert  into `course`(`courseid`,`code`,`title`,`hours`,`abbrev`) values (90,'BA5319','Research Project','6,0',NULL);
insert  into `course`(`courseid`,`code`,`title`,`hours`,`abbrev`) values (91,'BA5401','Introduction to Business Finance','3,0',NULL);
insert  into `course`(`courseid`,`code`,`title`,`hours`,`abbrev`) values (92,'BA5404','Marketing Principles','3,0',NULL);
insert  into `course`(`courseid`,`code`,`title`,`hours`,`abbrev`) values (93,'BA5406','Entrepreneurship','3,0',NULL);
insert  into `course`(`courseid`,`code`,`title`,`hours`,`abbrev`) values (94,'BA5408','Business Economics','3,0',NULL);
insert  into `course`(`courseid`,`code`,`title`,`hours`,`abbrev`) values (95,'BA5411','Cost and Management Accounting','3,0',NULL);
insert  into `course`(`courseid`,`code`,`title`,`hours`,`abbrev`) values (96,'BA5418','Managerial Communication','3,0',NULL);
insert  into `course`(`courseid`,`code`,`title`,`hours`,`abbrev`) values (97,'BA5501','Applied Research Methods','3,0',NULL);
insert  into `course`(`courseid`,`code`,`title`,`hours`,`abbrev`) values (98,'BA5601','Strategic HRM','3,0',NULL);
insert  into `course`(`courseid`,`code`,`title`,`hours`,`abbrev`) values (99,'BE413','Quantitative Analysis for Decision Making ','3,0',NULL);
insert  into `course`(`courseid`,`code`,`title`,`hours`,`abbrev`) values (100,'BE415','Contemporary Marketing','3,0',NULL);
insert  into `course`(`courseid`,`code`,`title`,`hours`,`abbrev`) values (101,'BE416','Organizational Behavior','3,0',NULL);
insert  into `course`(`courseid`,`code`,`title`,`hours`,`abbrev`) values (102,'BE421','Economics for Business','3,0',NULL);
insert  into `course`(`courseid`,`code`,`title`,`hours`,`abbrev`) values (103,'BE443','Entrepreneurship and Family Businesses','3,0',NULL);
insert  into `course`(`courseid`,`code`,`title`,`hours`,`abbrev`) values (104,'BIO1101','Cell Biology','2,1',NULL);
insert  into `course`(`courseid`,`code`,`title`,`hours`,`abbrev`) values (105,'BIO1104','Introduction to Computing','3,0',NULL);
insert  into `course`(`courseid`,`code`,`title`,`hours`,`abbrev`) values (106,'BIO1107','Fundamental Mathematics','3,0',NULL);
insert  into `course`(`courseid`,`code`,`title`,`hours`,`abbrev`) values (107,'BIO1111','English for General Purposes','3,0',NULL);
insert  into `course`(`courseid`,`code`,`title`,`hours`,`abbrev`) values (108,'BIO1206','Physiology-I','2,1',NULL);
insert  into `course`(`courseid`,`code`,`title`,`hours`,`abbrev`) values (109,'BIO1207','Advanced Microbiology','2,1',NULL);
insert  into `course`(`courseid`,`code`,`title`,`hours`,`abbrev`) values (110,'BIO1208','Statistics','3,0',NULL);
insert  into `course`(`courseid`,`code`,`title`,`hours`,`abbrev`) values (111,'BIO1209','Introduction to Microbiology','2,1',NULL);
insert  into `course`(`courseid`,`code`,`title`,`hours`,`abbrev`) values (112,'BIO1211','English for Academic Purposes','3,0',NULL);
insert  into `course`(`courseid`,`code`,`title`,`hours`,`abbrev`) values (113,'BIO2301','Biochemistry-I','2,1',NULL);
insert  into `course`(`courseid`,`code`,`title`,`hours`,`abbrev`) values (114,'BIO2302','Biotechnology','2,1',NULL);
insert  into `course`(`courseid`,`code`,`title`,`hours`,`abbrev`) values (115,'BIO2303','Islamiat and Pakistan Studies / Humanities','3,0',NULL);
insert  into `course`(`courseid`,`code`,`title`,`hours`,`abbrev`) values (116,'BIO2304','Nutrition and Dietetics','3,0',NULL);
insert  into `course`(`courseid`,`code`,`title`,`hours`,`abbrev`) values (117,'BIO2305','Physiology-II','2,1',NULL);
insert  into `course`(`courseid`,`code`,`title`,`hours`,`abbrev`) values (118,'BIO2306','Psychology','3,0',NULL);
insert  into `course`(`courseid`,`code`,`title`,`hours`,`abbrev`) values (119,'BIO2309','Animal and Plant Tissue Culture','2,1',NULL);
insert  into `course`(`courseid`,`code`,`title`,`hours`,`abbrev`) values (120,'BIO2401','Biochemistry-II','2,1',NULL);
insert  into `course`(`courseid`,`code`,`title`,`hours`,`abbrev`) values (121,'BIO2402','Bioinformatics','2,1',NULL);
insert  into `course`(`courseid`,`code`,`title`,`hours`,`abbrev`) values (122,'BIO2403','Environmental Science','3,0',NULL);
insert  into `course`(`courseid`,`code`,`title`,`hours`,`abbrev`) values (123,'BIO2404','Lab Management','3,0',NULL);
insert  into `course`(`courseid`,`code`,`title`,`hours`,`abbrev`) values (124,'BIO2405','Hematology','2,1',NULL);
insert  into `course`(`courseid`,`code`,`title`,`hours`,`abbrev`) values (125,'BIO2406','Genetic Engineering','2,1',NULL);
insert  into `course`(`courseid`,`code`,`title`,`hours`,`abbrev`) values (126,'BIO2407','Basic Endocrinology','3,0',NULL);
insert  into `course`(`courseid`,`code`,`title`,`hours`,`abbrev`) values (127,'BIO3503','Genetics','2,1',NULL);
insert  into `course`(`courseid`,`code`,`title`,`hours`,`abbrev`) values (128,'BIO3504','Immunology','2,1',NULL);
insert  into `course`(`courseid`,`code`,`title`,`hours`,`abbrev`) values (129,'BIO3505','Pharmacology-I','2,1',NULL);
insert  into `course`(`courseid`,`code`,`title`,`hours`,`abbrev`) values (130,'BIO3509','Epidemiology','3,0',NULL);
insert  into `course`(`courseid`,`code`,`title`,`hours`,`abbrev`) values (131,'BIO3601','Agricultural Science','3,0',NULL);
insert  into `course`(`courseid`,`code`,`title`,`hours`,`abbrev`) values (132,'BIO3602',' Human Anatomy','3,0',NULL);
insert  into `course`(`courseid`,`code`,`title`,`hours`,`abbrev`) values (133,'BIO3604','Neurochemistry','3,0',NULL);
insert  into `course`(`courseid`,`code`,`title`,`hours`,`abbrev`) values (134,'BIO3605','Pharmacology-II','2,1',NULL);
insert  into `course`(`courseid`,`code`,`title`,`hours`,`abbrev`) values (135,'BIO3606','Advanced Biotechnology','2,1',NULL);
insert  into `course`(`courseid`,`code`,`title`,`hours`,`abbrev`) values (136,'BIO4701','Business Management','3,0',NULL);
insert  into `course`(`courseid`,`code`,`title`,`hours`,`abbrev`) values (137,'BIO4702',' Introduction to Pathology','3,0',NULL);
insert  into `course`(`courseid`,`code`,`title`,`hours`,`abbrev`) values (138,'BIO4703','Research Methodology','3,0',NULL);
insert  into `course`(`courseid`,`code`,`title`,`hours`,`abbrev`) values (139,'BIO4704','Toxicology','3,0',NULL);
insert  into `course`(`courseid`,`code`,`title`,`hours`,`abbrev`) values (140,'BIO4705','Research Report-I','0,3',NULL);
insert  into `course`(`courseid`,`code`,`title`,`hours`,`abbrev`) values (141,'BIO4721','Advanced Biochemical Techniques','3,0',NULL);
insert  into `course`(`courseid`,`code`,`title`,`hours`,`abbrev`) values (142,'BIO4727','Food Biotechnology','3,0',NULL);
insert  into `course`(`courseid`,`code`,`title`,`hours`,`abbrev`) values (143,'BIO4801','Bioethics','3,0',NULL);
insert  into `course`(`courseid`,`code`,`title`,`hours`,`abbrev`) values (144,'BIO4802','Biophysics','3,0',NULL);
insert  into `course`(`courseid`,`code`,`title`,`hours`,`abbrev`) values (145,'BIO4803','Molecular Biology','2,1',NULL);
insert  into `course`(`courseid`,`code`,`title`,`hours`,`abbrev`) values (146,'BIO4805','Research Report-II','0,3',NULL);
insert  into `course`(`courseid`,`code`,`title`,`hours`,`abbrev`) values (147,'BIO4825','Fermentation Biotechnology','3,0',NULL);
insert  into `course`(`courseid`,`code`,`title`,`hours`,`abbrev`) values (148,'BIO4826','Medical Biotechnology','3,0',NULL);
insert  into `course`(`courseid`,`code`,`title`,`hours`,`abbrev`) values (149,'BIO5201','Molecular Genetics','3,0',NULL);
insert  into `course`(`courseid`,`code`,`title`,`hours`,`abbrev`) values (150,'BIO5202','Techniques in Biomolecules Analyses','3,0',NULL);
insert  into `course`(`courseid`,`code`,`title`,`hours`,`abbrev`) values (151,'CS2318','Operating Systems Concepts','3,1',NULL);
insert  into `course`(`courseid`,`code`,`title`,`hours`,`abbrev`) values (152,'CS2418','Computer Data Communications and Networks','3,1',NULL);
insert  into `course`(`courseid`,`code`,`title`,`hours`,`abbrev`) values (153,'CS3517','Software Engineering Concepts','3,1',NULL);
insert  into `course`(`courseid`,`code`,`title`,`hours`,`abbrev`) values (154,'CS3521','Computer Architecture','3,1',NULL);
insert  into `course`(`courseid`,`code`,`title`,`hours`,`abbrev`) values (155,'CS3607','Advanced Web Technologies','2,1',NULL);
insert  into `course`(`courseid`,`code`,`title`,`hours`,`abbrev`) values (156,'CS3611','Analysis of Algorithms','3,0',NULL);
insert  into `course`(`courseid`,`code`,`title`,`hours`,`abbrev`) values (157,'CS3612','Software Engineering-II','3,0',NULL);
insert  into `course`(`courseid`,`code`,`title`,`hours`,`abbrev`) values (158,'CS3619','Numerical and Symbolic Computation','3,0',NULL);
insert  into `course`(`courseid`,`code`,`title`,`hours`,`abbrev`) values (159,'CS3624','Compiler Construction','3,0',NULL);
insert  into `course`(`courseid`,`code`,`title`,`hours`,`abbrev`) values (160,'CS4518','Online Presence','3,0',NULL);
insert  into `course`(`courseid`,`code`,`title`,`hours`,`abbrev`) values (161,'CS4617','iOS Development','3,0',NULL);
insert  into `course`(`courseid`,`code`,`title`,`hours`,`abbrev`) values (162,'CS4704','Project-I','0,3',NULL);
insert  into `course`(`courseid`,`code`,`title`,`hours`,`abbrev`) values (163,'CS4802','Research Report','3,0',NULL);
insert  into `course`(`courseid`,`code`,`title`,`hours`,`abbrev`) values (164,'CS4804','Project-II','0,3',NULL);
insert  into `course`(`courseid`,`code`,`title`,`hours`,`abbrev`) values (165,'CS4832','Network Security and Cryptography','3,0',NULL);
insert  into `course`(`courseid`,`code`,`title`,`hours`,`abbrev`) values (166,'CS4837','Advanced Programming Techniques','2,1',NULL);
insert  into `course`(`courseid`,`code`,`title`,`hours`,`abbrev`) values (167,'CS4929','Internet Programming','3,0',NULL);
insert  into `course`(`courseid`,`code`,`title`,`hours`,`abbrev`) values (168,'CS5108','Independent Study-I','3,0',NULL);
insert  into `course`(`courseid`,`code`,`title`,`hours`,`abbrev`) values (169,'CS5109','Thesis','3,0',NULL);
insert  into `course`(`courseid`,`code`,`title`,`hours`,`abbrev`) values (170,'CS5208','Independent Study-II','3,0',NULL);
insert  into `course`(`courseid`,`code`,`title`,`hours`,`abbrev`) values (171,'CS5209','Thesis','3,0',NULL);
insert  into `course`(`courseid`,`code`,`title`,`hours`,`abbrev`) values (172,'CS6108','Independent Study-I','3,0',NULL);
insert  into `course`(`courseid`,`code`,`title`,`hours`,`abbrev`) values (173,'CS6208','Independent Study-II','3,0',NULL);
insert  into `course`(`courseid`,`code`,`title`,`hours`,`abbrev`) values (174,'CS6309','Dissertation','6,0',NULL);
insert  into `course`(`courseid`,`code`,`title`,`hours`,`abbrev`) values (175,'CS6609','Dissertation','6,0',NULL);
insert  into `course`(`courseid`,`code`,`title`,`hours`,`abbrev`) values (176,'CSC1102','English Composition and Comprehension','3,0',NULL);
insert  into `course`(`courseid`,`code`,`title`,`hours`,`abbrev`) values (177,'CSC1201','Discrete Mathematical Structures','3,0',NULL);
insert  into `course`(`courseid`,`code`,`title`,`hours`,`abbrev`) values (178,'CSC1202','Multivariate Calculus','3,0',NULL);
insert  into `course`(`courseid`,`code`,`title`,`hours`,`abbrev`) values (179,'CSC1203','Object Oriented Programming','2,1',NULL);
insert  into `course`(`courseid`,`code`,`title`,`hours`,`abbrev`) values (180,'CSC1204','Physics','3,0',NULL);
insert  into `course`(`courseid`,`code`,`title`,`hours`,`abbrev`) values (181,'CSC2201','Computer Organization and Assembly Language','3,0',NULL);
insert  into `course`(`courseid`,`code`,`title`,`hours`,`abbrev`) values (182,'CSC2202','Data Communications and Computer Networks','3,0',NULL);
insert  into `course`(`courseid`,`code`,`title`,`hours`,`abbrev`) values (183,'CSC2203','Database Systems','3,0',NULL);
insert  into `course`(`courseid`,`code`,`title`,`hours`,`abbrev`) values (184,'CSC2204','Finite Automata Theory and Formal Languages ','3,0',NULL);
insert  into `course`(`courseid`,`code`,`title`,`hours`,`abbrev`) values (185,'CSC2205','Operating Systems','3,0',NULL);
insert  into `course`(`courseid`,`code`,`title`,`hours`,`abbrev`) values (186,'CSC5201','Advanced Operating Systems','3,0',NULL);
insert  into `course`(`courseid`,`code`,`title`,`hours`,`abbrev`) values (187,'CSC5202','Advanced Computer Architecture','3,0',NULL);
insert  into `course`(`courseid`,`code`,`title`,`hours`,`abbrev`) values (188,'CSC5208','Independent Study','3,0',NULL);
insert  into `course`(`courseid`,`code`,`title`,`hours`,`abbrev`) values (189,'CSC5261','Advanced Database Design','3,0',NULL);
insert  into `course`(`courseid`,`code`,`title`,`hours`,`abbrev`) values (190,'CSCL1204','Lab: Physics','0,1',NULL);
insert  into `course`(`courseid`,`code`,`title`,`hours`,`abbrev`) values (191,'CSCL2202','Lab: Data Communications and Computer Networks','0,1',NULL);
insert  into `course`(`courseid`,`code`,`title`,`hours`,`abbrev`) values (192,'CSCL2203','Lab: Database Systems','0,1',NULL);
insert  into `course`(`courseid`,`code`,`title`,`hours`,`abbrev`) values (193,'CSCL2205','Lab: Operating Systems','0,1',NULL);
insert  into `course`(`courseid`,`code`,`title`,`hours`,`abbrev`) values (194,'ELM5102','Advanced Research Methods and Techniques-I (Qualitative)','3,0',NULL);
insert  into `course`(`courseid`,`code`,`title`,`hours`,`abbrev`) values (195,'ELM5103','Advanced Research Methods and Techniques-II (Quantitative)','3,0',NULL);
insert  into `course`(`courseid`,`code`,`title`,`hours`,`abbrev`) values (196,'ELM5108','Independent Research Study-I','3,0',NULL);
insert  into `course`(`courseid`,`code`,`title`,`hours`,`abbrev`) values (197,'ELM5133','Change Management in Education','3,0',NULL);
insert  into `course`(`courseid`,`code`,`title`,`hours`,`abbrev`) values (198,'ELM5134','Educational Policy and Practice','3,0',NULL);
insert  into `course`(`courseid`,`code`,`title`,`hours`,`abbrev`) values (199,'ELM5201','Curriculum Development and Planning','3,0',NULL);
insert  into `course`(`courseid`,`code`,`title`,`hours`,`abbrev`) values (200,'ELM5208','Independent Research Study-II','3,0',NULL);
insert  into `course`(`courseid`,`code`,`title`,`hours`,`abbrev`) values (201,'ELM6101','Advanced Research Methods and Techniques-I (Qualitative)','3,0',NULL);
insert  into `course`(`courseid`,`code`,`title`,`hours`,`abbrev`) values (202,'ELM6102','Advanced Research Methods and Techniques-II (Quantitative)','3,0',NULL);
insert  into `course`(`courseid`,`code`,`title`,`hours`,`abbrev`) values (203,'ELM6108','Independent Research Study-I','3,0',NULL);
insert  into `course`(`courseid`,`code`,`title`,`hours`,`abbrev`) values (204,'ELM6123','Change Management in Education','3,0',NULL);
insert  into `course`(`courseid`,`code`,`title`,`hours`,`abbrev`) values (205,'ELM6124','Educational Policy and Politics','3,0',NULL);
insert  into `course`(`courseid`,`code`,`title`,`hours`,`abbrev`) values (206,'IT5108','Independent Study-I','3,0',NULL);
insert  into `course`(`courseid`,`code`,`title`,`hours`,`abbrev`) values (207,'IT5208','Independent Study-II','3,0',NULL);
insert  into `course`(`courseid`,`code`,`title`,`hours`,`abbrev`) values (208,'MD1104','Culture, Media and Society','3,0',NULL);
insert  into `course`(`courseid`,`code`,`title`,`hours`,`abbrev`) values (209,'MD1106','Photography','2,1',NULL);
insert  into `course`(`courseid`,`code`,`title`,`hours`,`abbrev`) values (210,'MD1118','Topics in Asian Literature','3,0',NULL);
insert  into `course`(`courseid`,`code`,`title`,`hours`,`abbrev`) values (211,'MD1119','Play Analysis','3,0',NULL);
insert  into `course`(`courseid`,`code`,`title`,`hours`,`abbrev`) values (212,'MD1216','Civilization Studies-II','3,0',NULL);
insert  into `course`(`courseid`,`code`,`title`,`hours`,`abbrev`) values (213,'MD1222','English for Academic Purposes','3,0',NULL);
insert  into `course`(`courseid`,`code`,`title`,`hours`,`abbrev`) values (214,'MD2318','History of Commercial Art','3,0',NULL);
insert  into `course`(`courseid`,`code`,`title`,`hours`,`abbrev`) values (215,'MD2323','Production Practices-I','3,0',NULL);
insert  into `course`(`courseid`,`code`,`title`,`hours`,`abbrev`) values (216,'MD2424','Media Psychology','3,0',NULL);
insert  into `course`(`courseid`,`code`,`title`,`hours`,`abbrev`) values (217,'MD2425','Audiovisual Editing','3,0',NULL);
insert  into `course`(`courseid`,`code`,`title`,`hours`,`abbrev`) values (218,'MD2427','Design Practices-I','3,0',NULL);
insert  into `course`(`courseid`,`code`,`title`,`hours`,`abbrev`) values (219,'MD3505','Principles of Journalism','3,0',NULL);
insert  into `course`(`courseid`,`code`,`title`,`hours`,`abbrev`) values (220,'MD3506','Theories of Visual Culture','3,0',NULL);
insert  into `course`(`courseid`,`code`,`title`,`hours`,`abbrev`) values (221,'MD3523','Production Practices-II','3,0',NULL);
insert  into `course`(`courseid`,`code`,`title`,`hours`,`abbrev`) values (222,'MD3602','Publication Project','3,0',NULL);
insert  into `course`(`courseid`,`code`,`title`,`hours`,`abbrev`) values (223,'MD4701','State and Nation Building in Pakistan','3,0',NULL);
insert  into `course`(`courseid`,`code`,`title`,`hours`,`abbrev`) values (224,'MD4723','Advance Animation','3,0',NULL);
insert  into `course`(`courseid`,`code`,`title`,`hours`,`abbrev`) values (225,'MD4726','Directing-I','3,0',NULL);
insert  into `course`(`courseid`,`code`,`title`,`hours`,`abbrev`) values (226,'MD4731','Advertising Research','3,0',NULL);
insert  into `course`(`courseid`,`code`,`title`,`hours`,`abbrev`) values (227,'MD4732','Typography','3,0',NULL);
insert  into `course`(`courseid`,`code`,`title`,`hours`,`abbrev`) values (228,'MD4739','Advertising Design and Concept','3,0',NULL);
insert  into `course`(`courseid`,`code`,`title`,`hours`,`abbrev`) values (229,'MD4754','Creative Aspect in Advertising','3,0',NULL);
insert  into `course`(`courseid`,`code`,`title`,`hours`,`abbrev`) values (230,'MD4757','Feature Writing-I','3,0',NULL);
insert  into `course`(`courseid`,`code`,`title`,`hours`,`abbrev`) values (231,'MD4779','Digital Brand Communication','3,0',NULL);
insert  into `course`(`courseid`,`code`,`title`,`hours`,`abbrev`) values (232,'MD4781','Sound Design','3,0',NULL);
insert  into `course`(`courseid`,`code`,`title`,`hours`,`abbrev`) values (233,'MD4788','Sindh Studies','3,0',NULL);
insert  into `course`(`courseid`,`code`,`title`,`hours`,`abbrev`) values (234,'MD4807','Thesis-I','3,0',NULL);
insert  into `course`(`courseid`,`code`,`title`,`hours`,`abbrev`) values (235,'MD4821','Cinematography','3,0',NULL);
insert  into `course`(`courseid`,`code`,`title`,`hours`,`abbrev`) values (236,'MD4843','Campaign Strategy','3,0',NULL);
insert  into `course`(`courseid`,`code`,`title`,`hours`,`abbrev`) values (237,'MD5109','Thesis-I','3,0',NULL);
insert  into `course`(`courseid`,`code`,`title`,`hours`,`abbrev`) values (238,'MD5112','Media and Post-Colonialism','3,0',NULL);
insert  into `course`(`courseid`,`code`,`title`,`hours`,`abbrev`) values (239,'MD5207','Media Evolution and Innovation','3,0',NULL);
insert  into `course`(`courseid`,`code`,`title`,`hours`,`abbrev`) values (240,'MD5209','Thesis-II','3,0',NULL);
insert  into `course`(`courseid`,`code`,`title`,`hours`,`abbrev`) values (241,'MD5212','Theories of Visual Culture','3,0',NULL);
insert  into `course`(`courseid`,`code`,`title`,`hours`,`abbrev`) values (242,'MD5261','Advertising Research','3,0',NULL);
insert  into `course`(`courseid`,`code`,`title`,`hours`,`abbrev`) values (243,'MD5262','Brand Management','3,0',NULL);
insert  into `course`(`courseid`,`code`,`title`,`hours`,`abbrev`) values (244,'MD5264','Copywriting and Advertising Conceptualization','3,0',NULL);
insert  into `course`(`courseid`,`code`,`title`,`hours`,`abbrev`) values (245,'MD5342','Visual Story Telling','3,0',NULL);
insert  into `course`(`courseid`,`code`,`title`,`hours`,`abbrev`) values (246,'MD5349','Research Project','6,0',NULL);
insert  into `course`(`courseid`,`code`,`title`,`hours`,`abbrev`) values (247,'ME1102','Electric Circuits','3,1',NULL);
insert  into `course`(`courseid`,`code`,`title`,`hours`,`abbrev`) values (248,'ME1102-L','     Electric Circuits  ','0,1',NULL);
insert  into `course`(`courseid`,`code`,`title`,`hours`,`abbrev`) values (249,'ME1102-LAB','Electric Circuits','0,1',NULL);
insert  into `course`(`courseid`,`code`,`title`,`hours`,`abbrev`) values (250,'ME1102-T','   Electric Circuits ','3,0',NULL);
insert  into `course`(`courseid`,`code`,`title`,`hours`,`abbrev`) values (251,'ME1104','Engineering Mathematics-I: Calculus and Analytical Geometry','3,0',NULL);
insert  into `course`(`courseid`,`code`,`title`,`hours`,`abbrev`) values (252,'ME1106','Islamic Studies','2,0',NULL);
insert  into `course`(`courseid`,`code`,`title`,`hours`,`abbrev`) values (253,'ME1201','Electronic Devices and Circuits','3,1',NULL);
insert  into `course`(`courseid`,`code`,`title`,`hours`,`abbrev`) values (254,'ME1201-L','Electronic Devices and Circuits','0,1',NULL);
insert  into `course`(`courseid`,`code`,`title`,`hours`,`abbrev`) values (255,'ME1201-LAB','Electronic Devices and Circuits','0,1',NULL);
insert  into `course`(`courseid`,`code`,`title`,`hours`,`abbrev`) values (256,'ME1201-T','Electronic Devices and Circuits','3,0',NULL);
insert  into `course`(`courseid`,`code`,`title`,`hours`,`abbrev`) values (257,'ME1202','Engineering Mathematics-II: Linear Algebra and Ordinary Differential Equations (ODEs)','3,0',NULL);
insert  into `course`(`courseid`,`code`,`title`,`hours`,`abbrev`) values (258,'ME1204','Engineering Statics','3,0',NULL);
insert  into `course`(`courseid`,`code`,`title`,`hours`,`abbrev`) values (259,'ME1205','Technical Writing Skills','2,0',NULL);
insert  into `course`(`courseid`,`code`,`title`,`hours`,`abbrev`) values (260,'ME1207','Engineering Workshop','0,2',NULL);
insert  into `course`(`courseid`,`code`,`title`,`hours`,`abbrev`) values (261,'ME2301-L','Computer Programming','0,1',NULL);
insert  into `course`(`courseid`,`code`,`title`,`hours`,`abbrev`) values (262,'ME2301-T','Cpmputer Programming','2,0',NULL);
insert  into `course`(`courseid`,`code`,`title`,`hours`,`abbrev`) values (263,'ME2302','Digital Logic Design','2,1',NULL);
insert  into `course`(`courseid`,`code`,`title`,`hours`,`abbrev`) values (264,'ME2302-L','Digital Logic Design','0,1',NULL);
insert  into `course`(`courseid`,`code`,`title`,`hours`,`abbrev`) values (265,'ME2302-LAB','Digital Logic Design','0,1',NULL);
insert  into `course`(`courseid`,`code`,`title`,`hours`,`abbrev`) values (266,'ME2302-T','Digital Logic Design','2,0',NULL);
insert  into `course`(`courseid`,`code`,`title`,`hours`,`abbrev`) values (267,'ME2303','Engineering Dynamics ','3,0',NULL);
insert  into `course`(`courseid`,`code`,`title`,`hours`,`abbrev`) values (268,'ME2305','Network Analysis','3,0',NULL);
insert  into `course`(`courseid`,`code`,`title`,`hours`,`abbrev`) values (269,'ME2401','Electronics Circuit Design','3,1',NULL);
insert  into `course`(`courseid`,`code`,`title`,`hours`,`abbrev`) values (270,'ME2401-L','Electronics Circuit Design','0,1',NULL);
insert  into `course`(`courseid`,`code`,`title`,`hours`,`abbrev`) values (271,'ME2401-T','Electronics Circuit Design','3,0',NULL);
insert  into `course`(`courseid`,`code`,`title`,`hours`,`abbrev`) values (272,'ME2402-L','Electro-Mechanical Systems','0,1',NULL);
insert  into `course`(`courseid`,`code`,`title`,`hours`,`abbrev`) values (273,'ME2402-T','Electro-Mechanical Systems','3,0',NULL);
insert  into `course`(`courseid`,`code`,`title`,`hours`,`abbrev`) values (274,'ME2403','Engineering Mathematics-IV: Transformation Techniques','3,0',NULL);
insert  into `course`(`courseid`,`code`,`title`,`hours`,`abbrev`) values (275,'ME2405-L','Thermodynamics','0,1',NULL);
insert  into `course`(`courseid`,`code`,`title`,`hours`,`abbrev`) values (276,'ME2405-T','Thermodynamics','2,0',NULL);
insert  into `course`(`courseid`,`code`,`title`,`hours`,`abbrev`) values (277,'ME2406-L','Strength of Materials','0,1',NULL);
insert  into `course`(`courseid`,`code`,`title`,`hours`,`abbrev`) values (278,'ME2406-T','Strength of Materials','3,0',NULL);
insert  into `course`(`courseid`,`code`,`title`,`hours`,`abbrev`) values (279,'ME3601','CAD/CAM','0,1',NULL);
insert  into `course`(`courseid`,`code`,`title`,`hours`,`abbrev`) values (280,'ME3602','Control Systems','3,1',NULL);
insert  into `course`(`courseid`,`code`,`title`,`hours`,`abbrev`) values (281,'ME3602-LAB','Control Systems','0,1',NULL);
insert  into `course`(`courseid`,`code`,`title`,`hours`,`abbrev`) values (282,'ME3603','Engineering Mathematics-VI: Probability and Statistics','3,0',NULL);
insert  into `course`(`courseid`,`code`,`title`,`hours`,`abbrev`) values (283,'ME3604','Machine Design','3,0',NULL);
insert  into `course`(`courseid`,`code`,`title`,`hours`,`abbrev`) values (284,'ME3605','Power Electronics','3,1',NULL);
insert  into `course`(`courseid`,`code`,`title`,`hours`,`abbrev`) values (285,'ME3605-LAB','Power Electronics','0,1',NULL);
insert  into `course`(`courseid`,`code`,`title`,`hours`,`abbrev`) values (286,'ME4703','Heat Transfer','2,1',NULL);
insert  into `course`(`courseid`,`code`,`title`,`hours`,`abbrev`) values (287,'ME4703-LAB','Heat Transfer','0,1',NULL);
insert  into `course`(`courseid`,`code`,`title`,`hours`,`abbrev`) values (288,'ME4722','Digital Signal Processing','3,0',NULL);
insert  into `course`(`courseid`,`code`,`title`,`hours`,`abbrev`) values (289,'ME4723','Simulation and Modeling','3,0',NULL);
insert  into `course`(`courseid`,`code`,`title`,`hours`,`abbrev`) values (290,'ME4801','Industrial Automation','2,1',NULL);
insert  into `course`(`courseid`,`code`,`title`,`hours`,`abbrev`) values (291,'ME4801-LAB','Industrial Automation','0,1',NULL);
insert  into `course`(`courseid`,`code`,`title`,`hours`,`abbrev`) values (292,'ME4809','Final Design Project-II','3,0',NULL);
insert  into `course`(`courseid`,`code`,`title`,`hours`,`abbrev`) values (293,'ME4824','Organizational Behavior','3,0',NULL);
insert  into `course`(`courseid`,`code`,`title`,`hours`,`abbrev`) values (294,'MP5103','Research Methodology','3,0',NULL);
insert  into `course`(`courseid`,`code`,`title`,`hours`,`abbrev`) values (295,'MP5104','Project-I','3,0',NULL);
insert  into `course`(`courseid`,`code`,`title`,`hours`,`abbrev`) values (296,'MP5108','Independent Study-I','3,0',NULL);
insert  into `course`(`courseid`,`code`,`title`,`hours`,`abbrev`) values (297,'MP5202','Quantitative Tools for Research','3,0',NULL);
insert  into `course`(`courseid`,`code`,`title`,`hours`,`abbrev`) values (298,'MP5204','Project-II','3,0',NULL);
insert  into `course`(`courseid`,`code`,`title`,`hours`,`abbrev`) values (299,'MP5208','Independent Study-II','3,0',NULL);
insert  into `course`(`courseid`,`code`,`title`,`hours`,`abbrev`) values (300,'MPH5201','Chronic Non Communicable Diseases','3,0',NULL);
insert  into `course`(`courseid`,`code`,`title`,`hours`,`abbrev`) values (301,'MPH5202','Health Services Administration','3,0',NULL);
insert  into `course`(`courseid`,`code`,`title`,`hours`,`abbrev`) values (302,'MPH5203','Infectious Diseases','3,0',NULL);
insert  into `course`(`courseid`,`code`,`title`,`hours`,`abbrev`) values (303,'MPH5204','Nutrition and Health','3,0',NULL);
insert  into `course`(`courseid`,`code`,`title`,`hours`,`abbrev`) values (304,'MPH5205','Research Methodology','3,0',NULL);
insert  into `course`(`courseid`,`code`,`title`,`hours`,`abbrev`) values (305,'MS5104','Strategic Marketing Decisions','3,0',NULL);
insert  into `course`(`courseid`,`code`,`title`,`hours`,`abbrev`) values (306,'MS5113','Financial Time Series','3,0',NULL);
insert  into `course`(`courseid`,`code`,`title`,`hours`,`abbrev`) values (307,'MS5119','Independent Research Study-I','3,0',NULL);
insert  into `course`(`courseid`,`code`,`title`,`hours`,`abbrev`) values (308,'MS5131','Qualitative Research Methods','3,0',NULL);
insert  into `course`(`courseid`,`code`,`title`,`hours`,`abbrev`) values (309,'MS5204','Quantitative Tools for Research','3,0',NULL);
insert  into `course`(`courseid`,`code`,`title`,`hours`,`abbrev`) values (310,'MS5205','International Business Management','3,0',NULL);
insert  into `course`(`courseid`,`code`,`title`,`hours`,`abbrev`) values (311,'MS5216','Corporate Governance','3,0',NULL);
insert  into `course`(`courseid`,`code`,`title`,`hours`,`abbrev`) values (312,'MS5218','Financial Markets','3,0',NULL);
insert  into `course`(`courseid`,`code`,`title`,`hours`,`abbrev`) values (313,'MS5219','Independent Research Study-II','3,0',NULL);
insert  into `course`(`courseid`,`code`,`title`,`hours`,`abbrev`) values (314,'MS5417','Research Thesis','6,0',NULL);
insert  into `course`(`courseid`,`code`,`title`,`hours`,`abbrev`) values (315,'MS6109','Dissertation','6,0',NULL);
insert  into `course`(`courseid`,`code`,`title`,`hours`,`abbrev`) values (316,'MS6117','Advanced Qualitative Research Methods','3,0',NULL);
insert  into `course`(`courseid`,`code`,`title`,`hours`,`abbrev`) values (317,'MS6119','Independent Research Study-I','3,0',NULL);
insert  into `course`(`courseid`,`code`,`title`,`hours`,`abbrev`) values (318,'MS6204','Strategic Marketing Decisions','3,0',NULL);
insert  into `course`(`courseid`,`code`,`title`,`hours`,`abbrev`) values (319,'MS6209','Dissertation','6,0',NULL);
insert  into `course`(`courseid`,`code`,`title`,`hours`,`abbrev`) values (320,'MS6216','Advanced Quantitative Tools for Research','3,0',NULL);
insert  into `course`(`courseid`,`code`,`title`,`hours`,`abbrev`) values (321,'PM5103','Project Cost Management','3,0',NULL);
insert  into `course`(`courseid`,`code`,`title`,`hours`,`abbrev`) values (322,'PM5201','Project Scheduling, Planning and Time Management','3,0',NULL);
insert  into `course`(`courseid`,`code`,`title`,`hours`,`abbrev`) values (323,'PM5301','Project Quality Management','3,0',NULL);
insert  into `course`(`courseid`,`code`,`title`,`hours`,`abbrev`) values (324,'PM5309','Project in Primavera','3,0',NULL);
insert  into `course`(`courseid`,`code`,`title`,`hours`,`abbrev`) values (325,'PM5352','Project Stakeholders Management','3,0',NULL);
insert  into `course`(`courseid`,`code`,`title`,`hours`,`abbrev`) values (326,'SE5108','Independent Study-I','3,0',NULL);
insert  into `course`(`courseid`,`code`,`title`,`hours`,`abbrev`) values (327,'SE5208','Independent Study-II','3,0',NULL);
insert  into `course`(`courseid`,`code`,`title`,`hours`,`abbrev`) values (328,'SEC5161','Software System Architecture','3,0',NULL);
insert  into `course`(`courseid`,`code`,`title`,`hours`,`abbrev`) values (329,'SEC5164','Software System Quality','3,0',NULL);
insert  into `course`(`courseid`,`code`,`title`,`hours`,`abbrev`) values (330,'SEC5208','Independent Study','3,0',NULL);
insert  into `course`(`courseid`,`code`,`title`,`hours`,`abbrev`) values (331,'SS1155','Introduction to Political Science','3,0',NULL);
insert  into `course`(`courseid`,`code`,`title`,`hours`,`abbrev`) values (332,'SS1163','Development and Politics','3,0',NULL);
insert  into `course`(`courseid`,`code`,`title`,`hours`,`abbrev`) values (333,'SS1205','Macroeconomics','3,0',NULL);
insert  into `course`(`courseid`,`code`,`title`,`hours`,`abbrev`) values (334,'SS1255','Linguistics','3,0',NULL);
insert  into `course`(`courseid`,`code`,`title`,`hours`,`abbrev`) values (335,'SS2306','Psychology','3,0',NULL);
insert  into `course`(`courseid`,`code`,`title`,`hours`,`abbrev`) values (336,'SS2307','Sociology','3,0',NULL);
insert  into `course`(`courseid`,`code`,`title`,`hours`,`abbrev`) values (337,'SS2405','Enlightenment','3,0',NULL);
insert  into `course`(`courseid`,`code`,`title`,`hours`,`abbrev`) values (338,'SS2406','Gender Studies','3,0',NULL);
insert  into `course`(`courseid`,`code`,`title`,`hours`,`abbrev`) values (339,'SS2411','Environmental Studies','3,0',NULL);
insert  into `course`(`courseid`,`code`,`title`,`hours`,`abbrev`) values (340,'SS2412','International Relations','3,0',NULL);
insert  into `course`(`courseid`,`code`,`title`,`hours`,`abbrev`) values (341,'SS2414','Introduction to Organizational Psychology','3,0',NULL);
insert  into `course`(`courseid`,`code`,`title`,`hours`,`abbrev`) values (342,'SS2418','Statistical Inferences','3,0',NULL);
insert  into `course`(`courseid`,`code`,`title`,`hours`,`abbrev`) values (343,'SS3504','Research Methods','3,0',NULL);
insert  into `course`(`courseid`,`code`,`title`,`hours`,`abbrev`) values (344,'SS3605','International Law and Human Rights','3,0',NULL);
insert  into `course`(`courseid`,`code`,`title`,`hours`,`abbrev`) values (345,'SS3609','Language-II','3,0',NULL);
insert  into `course`(`courseid`,`code`,`title`,`hours`,`abbrev`) values (346,'SS4128','Agriculture Economics','3,0',NULL);
insert  into `course`(`courseid`,`code`,`title`,`hours`,`abbrev`) values (347,'SS4147','Development and Planning','3,0',NULL);
insert  into `course`(`courseid`,`code`,`title`,`hours`,`abbrev`) values (348,'SS4175','European Studies','3,0',NULL);
insert  into `course`(`courseid`,`code`,`title`,`hours`,`abbrev`) values (349,'SS4178','Muslim World','3,0',NULL);
insert  into `course`(`courseid`,`code`,`title`,`hours`,`abbrev`) values (350,'SS4196','Social Theories-I','3,0',NULL);
insert  into `course`(`courseid`,`code`,`title`,`hours`,`abbrev`) values (351,'SS4211','Psychological Testing','3,0',NULL);
insert  into `course`(`courseid`,`code`,`title`,`hours`,`abbrev`) values (352,'SS4234','Psychodynamics','3,0',NULL);
insert  into `course`(`courseid`,`code`,`title`,`hours`,`abbrev`) values (353,'SS4255','Counseling and Psychotherapy','3,0',NULL);
insert  into `course`(`courseid`,`code`,`title`,`hours`,`abbrev`) values (354,'SS4261','Mathematical Economics','3,0',NULL);
insert  into `course`(`courseid`,`code`,`title`,`hours`,`abbrev`) values (355,'SS4705','Sindh Studies','3,0',NULL);
insert  into `course`(`courseid`,`code`,`title`,`hours`,`abbrev`) values (356,'SS4709','Research Project-I','3,0',NULL);
insert  into `course`(`courseid`,`code`,`title`,`hours`,`abbrev`) values (357,'SS4804','Public Policy','3,0',NULL);
insert  into `course`(`courseid`,`code`,`title`,`hours`,`abbrev`) values (358,'SS4809','Research Project-II','3,0',NULL);
insert  into `course`(`courseid`,`code`,`title`,`hours`,`abbrev`) values (359,'SS5119','Independent Research Study-I','3,0',NULL);
insert  into `course`(`courseid`,`code`,`title`,`hours`,`abbrev`) values (360,'SS5121','Advanced Research Methods and Techniques-I (Qualitative)','3,0',NULL);
insert  into `course`(`courseid`,`code`,`title`,`hours`,`abbrev`) values (361,'SS5122','Advanced Research Methods and Techniques-II (Quantitative)','3,0',NULL);
insert  into `course`(`courseid`,`code`,`title`,`hours`,`abbrev`) values (362,'SS5219','Independent Research Study-II','3,0',NULL);
insert  into `course`(`courseid`,`code`,`title`,`hours`,`abbrev`) values (363,'SS5321','History of Ideas','3,0',NULL);
insert  into `course`(`courseid`,`code`,`title`,`hours`,`abbrev`) values (364,'SS6104','Advanced Research Methods and Techniques-I (Qualitative)','3,0',NULL);
insert  into `course`(`courseid`,`code`,`title`,`hours`,`abbrev`) values (365,'SS6105','Advanced Research Methods and Techniques-II (Quantitative)','3,0',NULL);
insert  into `course`(`courseid`,`code`,`title`,`hours`,`abbrev`) values (366,'SS6109','Dissertation','3,0',NULL);
insert  into `course`(`courseid`,`code`,`title`,`hours`,`abbrev`) values (367,'SS6119','Independent Research Study-I','3,0',NULL);
insert  into `course`(`courseid`,`code`,`title`,`hours`,`abbrev`) values (368,'SS6209','Dissertation','3,0',NULL);
insert  into `course`(`courseid`,`code`,`title`,`hours`,`abbrev`) values (369,'SS6209','Dissertation','9,0',NULL);
insert  into `course`(`courseid`,`code`,`title`,`hours`,`abbrev`) values (370,'SS6219','Independent Research Study-II','3,0',NULL);
insert  into `course`(`courseid`,`code`,`title`,`hours`,`abbrev`) values (371,'SS6509','Dissertation','6,0',NULL);
insert  into `course`(`courseid`,`code`,`title`,`hours`,`abbrev`) values (372,'SS6609','Dissertation','6,0',NULL);

/*Table structure for table `days` */

CREATE TABLE `days` (
  `dayid` int(11) NOT NULL default '0',
  `dayname` varchar(20) default NULL,
  PRIMARY KEY  (`dayid`)
) ENGINE=MyISAM DEFAULT CHARSET=latin1;

/*Data for the table `days` */

insert  into `days`(`dayid`,`dayname`) values (1,'Monday');
insert  into `days`(`dayid`,`dayname`) values (2,'Tuesday');
insert  into `days`(`dayid`,`dayname`) values (3,'Wednesday');
insert  into `days`(`dayid`,`dayname`) values (4,'Thursday');
insert  into `days`(`dayid`,`dayname`) values (5,'Friday');
insert  into `days`(`dayid`,`dayname`) values (6,'Saturday');
insert  into `days`(`dayid`,`dayname`) values (7,'Sunday');

/*Table structure for table `offeredcourse` */

CREATE TABLE `offeredcourse` (
  `offid` int(11) NOT NULL default '0',
  `courseid` int(11) default NULL,
  `teacherid` int(11) default NULL,
  PRIMARY KEY  (`offid`),
  KEY `FK_COURSE` (`courseid`),
  KEY `FK_TEACHER` (`teacherid`)
) ENGINE=MyISAM DEFAULT CHARSET=latin1;

/*Data for the table `offeredcourse` */

insert  into `offeredcourse`(`offid`,`courseid`,`teacherid`) values (1,3,214);
insert  into `offeredcourse`(`offid`,`courseid`,`teacherid`) values (2,4,222);
insert  into `offeredcourse`(`offid`,`courseid`,`teacherid`) values (3,5,153);
insert  into `offeredcourse`(`offid`,`courseid`,`teacherid`) values (4,6,83);
insert  into `offeredcourse`(`offid`,`courseid`,`teacherid`) values (5,10,31);
insert  into `offeredcourse`(`offid`,`courseid`,`teacherid`) values (6,27,7);
insert  into `offeredcourse`(`offid`,`courseid`,`teacherid`) values (7,3,214);
insert  into `offeredcourse`(`offid`,`courseid`,`teacherid`) values (8,4,222);
insert  into `offeredcourse`(`offid`,`courseid`,`teacherid`) values (9,5,153);
insert  into `offeredcourse`(`offid`,`courseid`,`teacherid`) values (10,6,79);
insert  into `offeredcourse`(`offid`,`courseid`,`teacherid`) values (11,10,31);
insert  into `offeredcourse`(`offid`,`courseid`,`teacherid`) values (12,27,7);
insert  into `offeredcourse`(`offid`,`courseid`,`teacherid`) values (13,3,162);
insert  into `offeredcourse`(`offid`,`courseid`,`teacherid`) values (14,4,222);
insert  into `offeredcourse`(`offid`,`courseid`,`teacherid`) values (15,5,205);
insert  into `offeredcourse`(`offid`,`courseid`,`teacherid`) values (16,6,79);
insert  into `offeredcourse`(`offid`,`courseid`,`teacherid`) values (17,10,31);
insert  into `offeredcourse`(`offid`,`courseid`,`teacherid`) values (18,27,7);
insert  into `offeredcourse`(`offid`,`courseid`,`teacherid`) values (19,3,162);
insert  into `offeredcourse`(`offid`,`courseid`,`teacherid`) values (20,4,222);
insert  into `offeredcourse`(`offid`,`courseid`,`teacherid`) values (21,5,205);
insert  into `offeredcourse`(`offid`,`courseid`,`teacherid`) values (22,6,83);
insert  into `offeredcourse`(`offid`,`courseid`,`teacherid`) values (23,10,31);
insert  into `offeredcourse`(`offid`,`courseid`,`teacherid`) values (24,27,7);
insert  into `offeredcourse`(`offid`,`courseid`,`teacherid`) values (25,20,198);
insert  into `offeredcourse`(`offid`,`courseid`,`teacherid`) values (26,25,27);
insert  into `offeredcourse`(`offid`,`courseid`,`teacherid`) values (27,40,182);
insert  into `offeredcourse`(`offid`,`courseid`,`teacherid`) values (28,43,200);
insert  into `offeredcourse`(`offid`,`courseid`,`teacherid`) values (29,46,124);
insert  into `offeredcourse`(`offid`,`courseid`,`teacherid`) values (30,54,203);
insert  into `offeredcourse`(`offid`,`courseid`,`teacherid`) values (31,20,198);
insert  into `offeredcourse`(`offid`,`courseid`,`teacherid`) values (32,24,203);
insert  into `offeredcourse`(`offid`,`courseid`,`teacherid`) values (33,25,27);
insert  into `offeredcourse`(`offid`,`courseid`,`teacherid`) values (34,40,182);
insert  into `offeredcourse`(`offid`,`courseid`,`teacherid`) values (35,43,200);
insert  into `offeredcourse`(`offid`,`courseid`,`teacherid`) values (36,46,12);
insert  into `offeredcourse`(`offid`,`courseid`,`teacherid`) values (37,20,198);
insert  into `offeredcourse`(`offid`,`courseid`,`teacherid`) values (38,24,203);
insert  into `offeredcourse`(`offid`,`courseid`,`teacherid`) values (39,25,27);
insert  into `offeredcourse`(`offid`,`courseid`,`teacherid`) values (40,40,182);
insert  into `offeredcourse`(`offid`,`courseid`,`teacherid`) values (41,43,200);
insert  into `offeredcourse`(`offid`,`courseid`,`teacherid`) values (42,46,12);
insert  into `offeredcourse`(`offid`,`courseid`,`teacherid`) values (43,20,198);
insert  into `offeredcourse`(`offid`,`courseid`,`teacherid`) values (44,24,203);
insert  into `offeredcourse`(`offid`,`courseid`,`teacherid`) values (45,25,27);
insert  into `offeredcourse`(`offid`,`courseid`,`teacherid`) values (46,40,182);
insert  into `offeredcourse`(`offid`,`courseid`,`teacherid`) values (47,43,200);
insert  into `offeredcourse`(`offid`,`courseid`,`teacherid`) values (48,46,124);
insert  into `offeredcourse`(`offid`,`courseid`,`teacherid`) values (49,14,145);
insert  into `offeredcourse`(`offid`,`courseid`,`teacherid`) values (50,23,232);
insert  into `offeredcourse`(`offid`,`courseid`,`teacherid`) values (51,31,123);
insert  into `offeredcourse`(`offid`,`courseid`,`teacherid`) values (52,32,235);
insert  into `offeredcourse`(`offid`,`courseid`,`teacherid`) values (53,33,8);
insert  into `offeredcourse`(`offid`,`courseid`,`teacherid`) values (54,14,145);
insert  into `offeredcourse`(`offid`,`courseid`,`teacherid`) values (55,23,232);
insert  into `offeredcourse`(`offid`,`courseid`,`teacherid`) values (56,31,123);
insert  into `offeredcourse`(`offid`,`courseid`,`teacherid`) values (57,32,235);
insert  into `offeredcourse`(`offid`,`courseid`,`teacherid`) values (58,33,8);
insert  into `offeredcourse`(`offid`,`courseid`,`teacherid`) values (59,14,145);
insert  into `offeredcourse`(`offid`,`courseid`,`teacherid`) values (60,23,232);
insert  into `offeredcourse`(`offid`,`courseid`,`teacherid`) values (61,31,123);
insert  into `offeredcourse`(`offid`,`courseid`,`teacherid`) values (62,32,235);
insert  into `offeredcourse`(`offid`,`courseid`,`teacherid`) values (63,33,8);
insert  into `offeredcourse`(`offid`,`courseid`,`teacherid`) values (64,18,46);
insert  into `offeredcourse`(`offid`,`courseid`,`teacherid`) values (65,21,200);
insert  into `offeredcourse`(`offid`,`courseid`,`teacherid`) values (66,26,188);
insert  into `offeredcourse`(`offid`,`courseid`,`teacherid`) values (67,39,204);
insert  into `offeredcourse`(`offid`,`courseid`,`teacherid`) values (68,52,165);
insert  into `offeredcourse`(`offid`,`courseid`,`teacherid`) values (69,1,203);
insert  into `offeredcourse`(`offid`,`courseid`,`teacherid`) values (70,9,123);
insert  into `offeredcourse`(`offid`,`courseid`,`teacherid`) values (71,2,154);
insert  into `offeredcourse`(`offid`,`courseid`,`teacherid`) values (72,3,218);
insert  into `offeredcourse`(`offid`,`courseid`,`teacherid`) values (73,4,69);
insert  into `offeredcourse`(`offid`,`courseid`,`teacherid`) values (74,6,62);
insert  into `offeredcourse`(`offid`,`courseid`,`teacherid`) values (75,11,138);
insert  into `offeredcourse`(`offid`,`courseid`,`teacherid`) values (76,13,158);
insert  into `offeredcourse`(`offid`,`courseid`,`teacherid`) values (77,2,154);
insert  into `offeredcourse`(`offid`,`courseid`,`teacherid`) values (78,3,229);
insert  into `offeredcourse`(`offid`,`courseid`,`teacherid`) values (79,4,69);
insert  into `offeredcourse`(`offid`,`courseid`,`teacherid`) values (80,6,62);
insert  into `offeredcourse`(`offid`,`courseid`,`teacherid`) values (81,11,126);
insert  into `offeredcourse`(`offid`,`courseid`,`teacherid`) values (82,13,158);
insert  into `offeredcourse`(`offid`,`courseid`,`teacherid`) values (83,2,154);
insert  into `offeredcourse`(`offid`,`courseid`,`teacherid`) values (84,3,218);
insert  into `offeredcourse`(`offid`,`courseid`,`teacherid`) values (85,4,69);
insert  into `offeredcourse`(`offid`,`courseid`,`teacherid`) values (86,6,62);
insert  into `offeredcourse`(`offid`,`courseid`,`teacherid`) values (87,11,138);
insert  into `offeredcourse`(`offid`,`courseid`,`teacherid`) values (88,12,31);
insert  into `offeredcourse`(`offid`,`courseid`,`teacherid`) values (89,2,203);
insert  into `offeredcourse`(`offid`,`courseid`,`teacherid`) values (90,3,229);
insert  into `offeredcourse`(`offid`,`courseid`,`teacherid`) values (91,4,69);
insert  into `offeredcourse`(`offid`,`courseid`,`teacherid`) values (92,6,228);
insert  into `offeredcourse`(`offid`,`courseid`,`teacherid`) values (93,11,126);
insert  into `offeredcourse`(`offid`,`courseid`,`teacherid`) values (94,12,31);
insert  into `offeredcourse`(`offid`,`courseid`,`teacherid`) values (95,2,154);
insert  into `offeredcourse`(`offid`,`courseid`,`teacherid`) values (96,3,218);
insert  into `offeredcourse`(`offid`,`courseid`,`teacherid`) values (97,4,81);
insert  into `offeredcourse`(`offid`,`courseid`,`teacherid`) values (98,6,228);
insert  into `offeredcourse`(`offid`,`courseid`,`teacherid`) values (99,11,64);
insert  into `offeredcourse`(`offid`,`courseid`,`teacherid`) values (100,12,31);
insert  into `offeredcourse`(`offid`,`courseid`,`teacherid`) values (101,1,140);
insert  into `offeredcourse`(`offid`,`courseid`,`teacherid`) values (102,14,89);
insert  into `offeredcourse`(`offid`,`courseid`,`teacherid`) values (103,16,112);
insert  into `offeredcourse`(`offid`,`courseid`,`teacherid`) values (104,17,181);
insert  into `offeredcourse`(`offid`,`courseid`,`teacherid`) values (105,19,66);
insert  into `offeredcourse`(`offid`,`courseid`,`teacherid`) values (106,21,73);
insert  into `offeredcourse`(`offid`,`courseid`,`teacherid`) values (107,46,221);
insert  into `offeredcourse`(`offid`,`courseid`,`teacherid`) values (108,14,89);
insert  into `offeredcourse`(`offid`,`courseid`,`teacherid`) values (109,16,112);
insert  into `offeredcourse`(`offid`,`courseid`,`teacherid`) values (110,17,118);
insert  into `offeredcourse`(`offid`,`courseid`,`teacherid`) values (111,19,66);
insert  into `offeredcourse`(`offid`,`courseid`,`teacherid`) values (112,21,185);
insert  into `offeredcourse`(`offid`,`courseid`,`teacherid`) values (113,46,221);
insert  into `offeredcourse`(`offid`,`courseid`,`teacherid`) values (114,14,89);
insert  into `offeredcourse`(`offid`,`courseid`,`teacherid`) values (115,16,112);
insert  into `offeredcourse`(`offid`,`courseid`,`teacherid`) values (116,17,181);
insert  into `offeredcourse`(`offid`,`courseid`,`teacherid`) values (117,19,66);
insert  into `offeredcourse`(`offid`,`courseid`,`teacherid`) values (118,21,73);
insert  into `offeredcourse`(`offid`,`courseid`,`teacherid`) values (119,22,160);
insert  into `offeredcourse`(`offid`,`courseid`,`teacherid`) values (120,14,89);
insert  into `offeredcourse`(`offid`,`courseid`,`teacherid`) values (121,16,112);
insert  into `offeredcourse`(`offid`,`courseid`,`teacherid`) values (122,17,181);
insert  into `offeredcourse`(`offid`,`courseid`,`teacherid`) values (123,19,66);
insert  into `offeredcourse`(`offid`,`courseid`,`teacherid`) values (124,21,73);
insert  into `offeredcourse`(`offid`,`courseid`,`teacherid`) values (125,22,160);
insert  into `offeredcourse`(`offid`,`courseid`,`teacherid`) values (126,14,89);
insert  into `offeredcourse`(`offid`,`courseid`,`teacherid`) values (127,16,112);
insert  into `offeredcourse`(`offid`,`courseid`,`teacherid`) values (128,17,118);
insert  into `offeredcourse`(`offid`,`courseid`,`teacherid`) values (129,19,66);
insert  into `offeredcourse`(`offid`,`courseid`,`teacherid`) values (130,21,73);
insert  into `offeredcourse`(`offid`,`courseid`,`teacherid`) values (131,22,160);
insert  into `offeredcourse`(`offid`,`courseid`,`teacherid`) values (132,24,91);
insert  into `offeredcourse`(`offid`,`courseid`,`teacherid`) values (133,25,173);
insert  into `offeredcourse`(`offid`,`courseid`,`teacherid`) values (134,26,188);
insert  into `offeredcourse`(`offid`,`courseid`,`teacherid`) values (135,29,75);
insert  into `offeredcourse`(`offid`,`courseid`,`teacherid`) values (136,34,55);
insert  into `offeredcourse`(`offid`,`courseid`,`teacherid`) values (137,47,14);
insert  into `offeredcourse`(`offid`,`courseid`,`teacherid`) values (138,23,121);
insert  into `offeredcourse`(`offid`,`courseid`,`teacherid`) values (139,24,91);
insert  into `offeredcourse`(`offid`,`courseid`,`teacherid`) values (140,25,173);
insert  into `offeredcourse`(`offid`,`courseid`,`teacherid`) values (141,26,199);
insert  into `offeredcourse`(`offid`,`courseid`,`teacherid`) values (142,29,75);
insert  into `offeredcourse`(`offid`,`courseid`,`teacherid`) values (143,34,55);
insert  into `offeredcourse`(`offid`,`courseid`,`teacherid`) values (144,23,121);
insert  into `offeredcourse`(`offid`,`courseid`,`teacherid`) values (145,24,91);
insert  into `offeredcourse`(`offid`,`courseid`,`teacherid`) values (146,25,173);
insert  into `offeredcourse`(`offid`,`courseid`,`teacherid`) values (147,26,199);
insert  into `offeredcourse`(`offid`,`courseid`,`teacherid`) values (148,29,75);
insert  into `offeredcourse`(`offid`,`courseid`,`teacherid`) values (149,34,55);
insert  into `offeredcourse`(`offid`,`courseid`,`teacherid`) values (150,24,91);
insert  into `offeredcourse`(`offid`,`courseid`,`teacherid`) values (151,25,27);
insert  into `offeredcourse`(`offid`,`courseid`,`teacherid`) values (152,26,199);
insert  into `offeredcourse`(`offid`,`courseid`,`teacherid`) values (153,29,75);
insert  into `offeredcourse`(`offid`,`courseid`,`teacherid`) values (154,34,55);
insert  into `offeredcourse`(`offid`,`courseid`,`teacherid`) values (155,47,14);
insert  into `offeredcourse`(`offid`,`courseid`,`teacherid`) values (156,24,91);
insert  into `offeredcourse`(`offid`,`courseid`,`teacherid`) values (157,25,27);
insert  into `offeredcourse`(`offid`,`courseid`,`teacherid`) values (158,26,188);
insert  into `offeredcourse`(`offid`,`courseid`,`teacherid`) values (159,29,75);
insert  into `offeredcourse`(`offid`,`courseid`,`teacherid`) values (160,34,55);
insert  into `offeredcourse`(`offid`,`courseid`,`teacherid`) values (161,47,14);
insert  into `offeredcourse`(`offid`,`courseid`,`teacherid`) values (162,20,198);
insert  into `offeredcourse`(`offid`,`courseid`,`teacherid`) values (163,30,140);
insert  into `offeredcourse`(`offid`,`courseid`,`teacherid`) values (164,48,236);
insert  into `offeredcourse`(`offid`,`courseid`,`teacherid`) values (165,30,63);
insert  into `offeredcourse`(`offid`,`courseid`,`teacherid`) values (166,38,152);
insert  into `offeredcourse`(`offid`,`courseid`,`teacherid`) values (167,48,236);
insert  into `offeredcourse`(`offid`,`courseid`,`teacherid`) values (168,38,152);
insert  into `offeredcourse`(`offid`,`courseid`,`teacherid`) values (169,41,103);
insert  into `offeredcourse`(`offid`,`courseid`,`teacherid`) values (170,48,236);
insert  into `offeredcourse`(`offid`,`courseid`,`teacherid`) values (171,38,152);
insert  into `offeredcourse`(`offid`,`courseid`,`teacherid`) values (172,41,103);
insert  into `offeredcourse`(`offid`,`courseid`,`teacherid`) values (173,48,236);
insert  into `offeredcourse`(`offid`,`courseid`,`teacherid`) values (174,20,198);
insert  into `offeredcourse`(`offid`,`courseid`,`teacherid`) values (175,30,63);
insert  into `offeredcourse`(`offid`,`courseid`,`teacherid`) values (176,48,236);
insert  into `offeredcourse`(`offid`,`courseid`,`teacherid`) values (177,30,140);
insert  into `offeredcourse`(`offid`,`courseid`,`teacherid`) values (178,38,152);
insert  into `offeredcourse`(`offid`,`courseid`,`teacherid`) values (179,48,236);
insert  into `offeredcourse`(`offid`,`courseid`,`teacherid`) values (180,35,147);
insert  into `offeredcourse`(`offid`,`courseid`,`teacherid`) values (181,36,5);
insert  into `offeredcourse`(`offid`,`courseid`,`teacherid`) values (182,37,69);
insert  into `offeredcourse`(`offid`,`courseid`,`teacherid`) values (183,42,133);
insert  into `offeredcourse`(`offid`,`courseid`,`teacherid`) values (184,44,113);
insert  into `offeredcourse`(`offid`,`courseid`,`teacherid`) values (185,45,135);
insert  into `offeredcourse`(`offid`,`courseid`,`teacherid`) values (186,49,71);
insert  into `offeredcourse`(`offid`,`courseid`,`teacherid`) values (187,50,135);
insert  into `offeredcourse`(`offid`,`courseid`,`teacherid`) values (188,51,130);
insert  into `offeredcourse`(`offid`,`courseid`,`teacherid`) values (189,1,203);
insert  into `offeredcourse`(`offid`,`courseid`,`teacherid`) values (190,7,76);
insert  into `offeredcourse`(`offid`,`courseid`,`teacherid`) values (191,8,166);
insert  into `offeredcourse`(`offid`,`courseid`,`teacherid`) values (192,9,123);
insert  into `offeredcourse`(`offid`,`courseid`,`teacherid`) values (193,15,109);
insert  into `offeredcourse`(`offid`,`courseid`,`teacherid`) values (194,16,19);
insert  into `offeredcourse`(`offid`,`courseid`,`teacherid`) values (195,17,84);
insert  into `offeredcourse`(`offid`,`courseid`,`teacherid`) values (196,18,176);
insert  into `offeredcourse`(`offid`,`courseid`,`teacherid`) values (197,28,175);
insert  into `offeredcourse`(`offid`,`courseid`,`teacherid`) values (198,176,172);
insert  into `offeredcourse`(`offid`,`courseid`,`teacherid`) values (199,177,70);
insert  into `offeredcourse`(`offid`,`courseid`,`teacherid`) values (200,178,122);
insert  into `offeredcourse`(`offid`,`courseid`,`teacherid`) values (201,179,234);
insert  into `offeredcourse`(`offid`,`courseid`,`teacherid`) values (202,180,212);
insert  into `offeredcourse`(`offid`,`courseid`,`teacherid`) values (203,190,25);
insert  into `offeredcourse`(`offid`,`courseid`,`teacherid`) values (204,176,1);
insert  into `offeredcourse`(`offid`,`courseid`,`teacherid`) values (205,177,70);
insert  into `offeredcourse`(`offid`,`courseid`,`teacherid`) values (206,178,122);
insert  into `offeredcourse`(`offid`,`courseid`,`teacherid`) values (207,179,234);
insert  into `offeredcourse`(`offid`,`courseid`,`teacherid`) values (208,180,212);
insert  into `offeredcourse`(`offid`,`courseid`,`teacherid`) values (209,190,25);
insert  into `offeredcourse`(`offid`,`courseid`,`teacherid`) values (210,176,190);
insert  into `offeredcourse`(`offid`,`courseid`,`teacherid`) values (211,177,70);
insert  into `offeredcourse`(`offid`,`courseid`,`teacherid`) values (212,178,146);
insert  into `offeredcourse`(`offid`,`courseid`,`teacherid`) values (213,179,234);
insert  into `offeredcourse`(`offid`,`courseid`,`teacherid`) values (214,180,170);
insert  into `offeredcourse`(`offid`,`courseid`,`teacherid`) values (215,190,139);
insert  into `offeredcourse`(`offid`,`courseid`,`teacherid`) values (216,176,190);
insert  into `offeredcourse`(`offid`,`courseid`,`teacherid`) values (217,177,70);
insert  into `offeredcourse`(`offid`,`courseid`,`teacherid`) values (218,178,95);
insert  into `offeredcourse`(`offid`,`courseid`,`teacherid`) values (219,179,234);
insert  into `offeredcourse`(`offid`,`courseid`,`teacherid`) values (220,180,170);
insert  into `offeredcourse`(`offid`,`courseid`,`teacherid`) values (221,190,139);
insert  into `offeredcourse`(`offid`,`courseid`,`teacherid`) values (222,176,229);
insert  into `offeredcourse`(`offid`,`courseid`,`teacherid`) values (223,177,70);
insert  into `offeredcourse`(`offid`,`courseid`,`teacherid`) values (224,178,95);
insert  into `offeredcourse`(`offid`,`courseid`,`teacherid`) values (225,179,234);
insert  into `offeredcourse`(`offid`,`courseid`,`teacherid`) values (226,180,96);
insert  into `offeredcourse`(`offid`,`courseid`,`teacherid`) values (227,190,139);
insert  into `offeredcourse`(`offid`,`courseid`,`teacherid`) values (228,181,85);
insert  into `offeredcourse`(`offid`,`courseid`,`teacherid`) values (229,182,151);
insert  into `offeredcourse`(`offid`,`courseid`,`teacherid`) values (230,183,4);
insert  into `offeredcourse`(`offid`,`courseid`,`teacherid`) values (231,184,107);
insert  into `offeredcourse`(`offid`,`courseid`,`teacherid`) values (232,185,105);
insert  into `offeredcourse`(`offid`,`courseid`,`teacherid`) values (233,191,227);
insert  into `offeredcourse`(`offid`,`courseid`,`teacherid`) values (234,192,106);
insert  into `offeredcourse`(`offid`,`courseid`,`teacherid`) values (235,193,6);
insert  into `offeredcourse`(`offid`,`courseid`,`teacherid`) values (236,181,85);
insert  into `offeredcourse`(`offid`,`courseid`,`teacherid`) values (237,182,151);
insert  into `offeredcourse`(`offid`,`courseid`,`teacherid`) values (238,183,4);
insert  into `offeredcourse`(`offid`,`courseid`,`teacherid`) values (239,184,107);
insert  into `offeredcourse`(`offid`,`courseid`,`teacherid`) values (240,185,105);
insert  into `offeredcourse`(`offid`,`courseid`,`teacherid`) values (241,191,227);
insert  into `offeredcourse`(`offid`,`courseid`,`teacherid`) values (242,192,106);
insert  into `offeredcourse`(`offid`,`courseid`,`teacherid`) values (243,193,6);
insert  into `offeredcourse`(`offid`,`courseid`,`teacherid`) values (244,181,85);
insert  into `offeredcourse`(`offid`,`courseid`,`teacherid`) values (245,182,151);
insert  into `offeredcourse`(`offid`,`courseid`,`teacherid`) values (246,183,4);
insert  into `offeredcourse`(`offid`,`courseid`,`teacherid`) values (247,184,107);
insert  into `offeredcourse`(`offid`,`courseid`,`teacherid`) values (248,185,105);
insert  into `offeredcourse`(`offid`,`courseid`,`teacherid`) values (249,191,227);
insert  into `offeredcourse`(`offid`,`courseid`,`teacherid`) values (250,192,106);
insert  into `offeredcourse`(`offid`,`courseid`,`teacherid`) values (251,193,6);
insert  into `offeredcourse`(`offid`,`courseid`,`teacherid`) values (252,181,85);
insert  into `offeredcourse`(`offid`,`courseid`,`teacherid`) values (253,182,151);
insert  into `offeredcourse`(`offid`,`courseid`,`teacherid`) values (254,183,4);
insert  into `offeredcourse`(`offid`,`courseid`,`teacherid`) values (255,184,107);
insert  into `offeredcourse`(`offid`,`courseid`,`teacherid`) values (256,185,105);
insert  into `offeredcourse`(`offid`,`courseid`,`teacherid`) values (257,191,227);
insert  into `offeredcourse`(`offid`,`courseid`,`teacherid`) values (258,192,106);
insert  into `offeredcourse`(`offid`,`courseid`,`teacherid`) values (259,193,6);
insert  into `offeredcourse`(`offid`,`courseid`,`teacherid`) values (260,155,23);
insert  into `offeredcourse`(`offid`,`courseid`,`teacherid`) values (261,156,52);
insert  into `offeredcourse`(`offid`,`courseid`,`teacherid`) values (262,157,134);
insert  into `offeredcourse`(`offid`,`courseid`,`teacherid`) values (263,158,110);
insert  into `offeredcourse`(`offid`,`courseid`,`teacherid`) values (264,159,231);
insert  into `offeredcourse`(`offid`,`courseid`,`teacherid`) values (265,155,23);
insert  into `offeredcourse`(`offid`,`courseid`,`teacherid`) values (266,156,52);
insert  into `offeredcourse`(`offid`,`courseid`,`teacherid`) values (267,157,134);
insert  into `offeredcourse`(`offid`,`courseid`,`teacherid`) values (268,158,110);
insert  into `offeredcourse`(`offid`,`courseid`,`teacherid`) values (269,159,231);
insert  into `offeredcourse`(`offid`,`courseid`,`teacherid`) values (270,155,3);
insert  into `offeredcourse`(`offid`,`courseid`,`teacherid`) values (271,156,52);
insert  into `offeredcourse`(`offid`,`courseid`,`teacherid`) values (272,157,134);
insert  into `offeredcourse`(`offid`,`courseid`,`teacherid`) values (273,158,110);
insert  into `offeredcourse`(`offid`,`courseid`,`teacherid`) values (274,159,231);
insert  into `offeredcourse`(`offid`,`courseid`,`teacherid`) values (275,155,159);
insert  into `offeredcourse`(`offid`,`courseid`,`teacherid`) values (276,156,52);
insert  into `offeredcourse`(`offid`,`courseid`,`teacherid`) values (277,157,134);
insert  into `offeredcourse`(`offid`,`courseid`,`teacherid`) values (278,158,110);
insert  into `offeredcourse`(`offid`,`courseid`,`teacherid`) values (279,159,231);
insert  into `offeredcourse`(`offid`,`courseid`,`teacherid`) values (280,163,41);
insert  into `offeredcourse`(`offid`,`courseid`,`teacherid`) values (281,164,23);
insert  into `offeredcourse`(`offid`,`courseid`,`teacherid`) values (282,163,41);
insert  into `offeredcourse`(`offid`,`courseid`,`teacherid`) values (283,164,23);
insert  into `offeredcourse`(`offid`,`courseid`,`teacherid`) values (284,163,143);
insert  into `offeredcourse`(`offid`,`courseid`,`teacherid`) values (285,164,23);
insert  into `offeredcourse`(`offid`,`courseid`,`teacherid`) values (286,160,42);
insert  into `offeredcourse`(`offid`,`courseid`,`teacherid`) values (287,161,141);
insert  into `offeredcourse`(`offid`,`courseid`,`teacherid`) values (288,165,41);
insert  into `offeredcourse`(`offid`,`courseid`,`teacherid`) values (289,166,223);
insert  into `offeredcourse`(`offid`,`courseid`,`teacherid`) values (290,167,120);
insert  into `offeredcourse`(`offid`,`courseid`,`teacherid`) values (291,151,105);
insert  into `offeredcourse`(`offid`,`courseid`,`teacherid`) values (292,152,151);
insert  into `offeredcourse`(`offid`,`courseid`,`teacherid`) values (293,153,13);
insert  into `offeredcourse`(`offid`,`courseid`,`teacherid`) values (294,154,13);
insert  into `offeredcourse`(`offid`,`courseid`,`teacherid`) values (295,162,23);
insert  into `offeredcourse`(`offid`,`courseid`,`teacherid`) values (296,252,169);
insert  into `offeredcourse`(`offid`,`courseid`,`teacherid`) values (297,254,171);
insert  into `offeredcourse`(`offid`,`courseid`,`teacherid`) values (298,256,164);
insert  into `offeredcourse`(`offid`,`courseid`,`teacherid`) values (299,257,128);
insert  into `offeredcourse`(`offid`,`courseid`,`teacherid`) values (300,258,220);
insert  into `offeredcourse`(`offid`,`courseid`,`teacherid`) values (301,260,220);
insert  into `offeredcourse`(`offid`,`courseid`,`teacherid`) values (302,261,105);
insert  into `offeredcourse`(`offid`,`courseid`,`teacherid`) values (303,262,105);
insert  into `offeredcourse`(`offid`,`courseid`,`teacherid`) values (304,252,169);
insert  into `offeredcourse`(`offid`,`courseid`,`teacherid`) values (305,254,171);
insert  into `offeredcourse`(`offid`,`courseid`,`teacherid`) values (306,256,164);
insert  into `offeredcourse`(`offid`,`courseid`,`teacherid`) values (307,257,128);
insert  into `offeredcourse`(`offid`,`courseid`,`teacherid`) values (308,258,220);
insert  into `offeredcourse`(`offid`,`courseid`,`teacherid`) values (309,260,220);
insert  into `offeredcourse`(`offid`,`courseid`,`teacherid`) values (310,261,106);
insert  into `offeredcourse`(`offid`,`courseid`,`teacherid`) values (311,262,106);
insert  into `offeredcourse`(`offid`,`courseid`,`teacherid`) values (312,270,129);
insert  into `offeredcourse`(`offid`,`courseid`,`teacherid`) values (313,271,2);
insert  into `offeredcourse`(`offid`,`courseid`,`teacherid`) values (314,272,96);
insert  into `offeredcourse`(`offid`,`courseid`,`teacherid`) values (315,273,87);
insert  into `offeredcourse`(`offid`,`courseid`,`teacherid`) values (316,274,58);
insert  into `offeredcourse`(`offid`,`courseid`,`teacherid`) values (317,275,161);
insert  into `offeredcourse`(`offid`,`courseid`,`teacherid`) values (318,276,49);
insert  into `offeredcourse`(`offid`,`courseid`,`teacherid`) values (319,277,217);
insert  into `offeredcourse`(`offid`,`courseid`,`teacherid`) values (320,278,37);
insert  into `offeredcourse`(`offid`,`courseid`,`teacherid`) values (321,270,129);
insert  into `offeredcourse`(`offid`,`courseid`,`teacherid`) values (322,271,87);
insert  into `offeredcourse`(`offid`,`courseid`,`teacherid`) values (323,272,96);
insert  into `offeredcourse`(`offid`,`courseid`,`teacherid`) values (324,273,87);
insert  into `offeredcourse`(`offid`,`courseid`,`teacherid`) values (325,274,58);
insert  into `offeredcourse`(`offid`,`courseid`,`teacherid`) values (326,275,161);
insert  into `offeredcourse`(`offid`,`courseid`,`teacherid`) values (327,276,49);
insert  into `offeredcourse`(`offid`,`courseid`,`teacherid`) values (328,277,217);
insert  into `offeredcourse`(`offid`,`courseid`,`teacherid`) values (329,278,37);
insert  into `offeredcourse`(`offid`,`courseid`,`teacherid`) values (330,259,131);
insert  into `offeredcourse`(`offid`,`courseid`,`teacherid`) values (331,279,217);
insert  into `offeredcourse`(`offid`,`courseid`,`teacherid`) values (332,280,128);
insert  into `offeredcourse`(`offid`,`courseid`,`teacherid`) values (333,281,96);
insert  into `offeredcourse`(`offid`,`courseid`,`teacherid`) values (334,282,16);
insert  into `offeredcourse`(`offid`,`courseid`,`teacherid`) values (335,283,37);
insert  into `offeredcourse`(`offid`,`courseid`,`teacherid`) values (336,284,2);
insert  into `offeredcourse`(`offid`,`courseid`,`teacherid`) values (337,285,189);
insert  into `offeredcourse`(`offid`,`courseid`,`teacherid`) values (338,259,166);
insert  into `offeredcourse`(`offid`,`courseid`,`teacherid`) values (339,279,217);
insert  into `offeredcourse`(`offid`,`courseid`,`teacherid`) values (340,280,128);
insert  into `offeredcourse`(`offid`,`courseid`,`teacherid`) values (341,281,96);
insert  into `offeredcourse`(`offid`,`courseid`,`teacherid`) values (342,282,16);
insert  into `offeredcourse`(`offid`,`courseid`,`teacherid`) values (343,283,37);
insert  into `offeredcourse`(`offid`,`courseid`,`teacherid`) values (344,284,2);
insert  into `offeredcourse`(`offid`,`courseid`,`teacherid`) values (345,285,171);
insert  into `offeredcourse`(`offid`,`courseid`,`teacherid`) values (346,286,49);
insert  into `offeredcourse`(`offid`,`courseid`,`teacherid`) values (347,287,161);
insert  into `offeredcourse`(`offid`,`courseid`,`teacherid`) values (348,290,42);
insert  into `offeredcourse`(`offid`,`courseid`,`teacherid`) values (349,291,189);
insert  into `offeredcourse`(`offid`,`courseid`,`teacherid`) values (350,292,164);
insert  into `offeredcourse`(`offid`,`courseid`,`teacherid`) values (351,286,49);
insert  into `offeredcourse`(`offid`,`courseid`,`teacherid`) values (352,287,161);
insert  into `offeredcourse`(`offid`,`courseid`,`teacherid`) values (353,290,42);
insert  into `offeredcourse`(`offid`,`courseid`,`teacherid`) values (354,291,189);
insert  into `offeredcourse`(`offid`,`courseid`,`teacherid`) values (355,292,164);
insert  into `offeredcourse`(`offid`,`courseid`,`teacherid`) values (356,288,87);
insert  into `offeredcourse`(`offid`,`courseid`,`teacherid`) values (357,289,40);
insert  into `offeredcourse`(`offid`,`courseid`,`teacherid`) values (358,293,100);
insert  into `offeredcourse`(`offid`,`courseid`,`teacherid`) values (359,248,129);
insert  into `offeredcourse`(`offid`,`courseid`,`teacherid`) values (360,250,164);
insert  into `offeredcourse`(`offid`,`courseid`,`teacherid`) values (361,251,16);
insert  into `offeredcourse`(`offid`,`courseid`,`teacherid`) values (362,264,189);
insert  into `offeredcourse`(`offid`,`courseid`,`teacherid`) values (363,266,189);
insert  into `offeredcourse`(`offid`,`courseid`,`teacherid`) values (364,267,217);
insert  into `offeredcourse`(`offid`,`courseid`,`teacherid`) values (365,268,16);
insert  into `offeredcourse`(`offid`,`courseid`,`teacherid`) values (366,275,161);
insert  into `offeredcourse`(`offid`,`courseid`,`teacherid`) values (367,276,58);
insert  into `offeredcourse`(`offid`,`courseid`,`teacherid`) values (368,247,164);
insert  into `offeredcourse`(`offid`,`courseid`,`teacherid`) values (369,249,129);
insert  into `offeredcourse`(`offid`,`courseid`,`teacherid`) values (370,253,164);
insert  into `offeredcourse`(`offid`,`courseid`,`teacherid`) values (371,255,171);
insert  into `offeredcourse`(`offid`,`courseid`,`teacherid`) values (372,263,189);
insert  into `offeredcourse`(`offid`,`courseid`,`teacherid`) values (373,265,189);
insert  into `offeredcourse`(`offid`,`courseid`,`teacherid`) values (374,267,217);
insert  into `offeredcourse`(`offid`,`courseid`,`teacherid`) values (375,268,16);
insert  into `offeredcourse`(`offid`,`courseid`,`teacherid`) values (376,269,2);
insert  into `offeredcourse`(`offid`,`courseid`,`teacherid`) values (377,208,186);
insert  into `offeredcourse`(`offid`,`courseid`,`teacherid`) values (378,209,224);
insert  into `offeredcourse`(`offid`,`courseid`,`teacherid`) values (379,211,233);
insert  into `offeredcourse`(`offid`,`courseid`,`teacherid`) values (380,212,61);
insert  into `offeredcourse`(`offid`,`courseid`,`teacherid`) values (381,213,230);
insert  into `offeredcourse`(`offid`,`courseid`,`teacherid`) values (382,215,28);
insert  into `offeredcourse`(`offid`,`courseid`,`teacherid`) values (383,208,219);
insert  into `offeredcourse`(`offid`,`courseid`,`teacherid`) values (384,209,224);
insert  into `offeredcourse`(`offid`,`courseid`,`teacherid`) values (385,211,233);
insert  into `offeredcourse`(`offid`,`courseid`,`teacherid`) values (386,212,61);
insert  into `offeredcourse`(`offid`,`courseid`,`teacherid`) values (387,213,216);
insert  into `offeredcourse`(`offid`,`courseid`,`teacherid`) values (388,215,28);
insert  into `offeredcourse`(`offid`,`courseid`,`teacherid`) values (389,208,186);
insert  into `offeredcourse`(`offid`,`courseid`,`teacherid`) values (390,209,86);
insert  into `offeredcourse`(`offid`,`courseid`,`teacherid`) values (391,211,233);
insert  into `offeredcourse`(`offid`,`courseid`,`teacherid`) values (392,212,219);
insert  into `offeredcourse`(`offid`,`courseid`,`teacherid`) values (393,213,230);
insert  into `offeredcourse`(`offid`,`courseid`,`teacherid`) values (394,215,28);
insert  into `offeredcourse`(`offid`,`courseid`,`teacherid`) values (395,210,186);
insert  into `offeredcourse`(`offid`,`courseid`,`teacherid`) values (396,214,59);
insert  into `offeredcourse`(`offid`,`courseid`,`teacherid`) values (397,217,92);
insert  into `offeredcourse`(`offid`,`courseid`,`teacherid`) values (398,218,101);
insert  into `offeredcourse`(`offid`,`courseid`,`teacherid`) values (399,219,61);
insert  into `offeredcourse`(`offid`,`courseid`,`teacherid`) values (400,221,60);
insert  into `offeredcourse`(`offid`,`courseid`,`teacherid`) values (401,210,186);
insert  into `offeredcourse`(`offid`,`courseid`,`teacherid`) values (402,214,195);
insert  into `offeredcourse`(`offid`,`courseid`,`teacherid`) values (403,217,92);
insert  into `offeredcourse`(`offid`,`courseid`,`teacherid`) values (404,218,101);
insert  into `offeredcourse`(`offid`,`courseid`,`teacherid`) values (405,219,61);
insert  into `offeredcourse`(`offid`,`courseid`,`teacherid`) values (406,221,60);
insert  into `offeredcourse`(`offid`,`courseid`,`teacherid`) values (407,216,119);
insert  into `offeredcourse`(`offid`,`courseid`,`teacherid`) values (408,222,92);
insert  into `offeredcourse`(`offid`,`courseid`,`teacherid`) values (409,216,119);
insert  into `offeredcourse`(`offid`,`courseid`,`teacherid`) values (410,222,92);
insert  into `offeredcourse`(`offid`,`courseid`,`teacherid`) values (411,220,219);
insert  into `offeredcourse`(`offid`,`courseid`,`teacherid`) values (412,223,115);
insert  into `offeredcourse`(`offid`,`courseid`,`teacherid`) values (413,234,236);
insert  into `offeredcourse`(`offid`,`courseid`,`teacherid`) values (414,220,219);
insert  into `offeredcourse`(`offid`,`courseid`,`teacherid`) values (415,223,115);
insert  into `offeredcourse`(`offid`,`courseid`,`teacherid`) values (416,234,236);
insert  into `offeredcourse`(`offid`,`courseid`,`teacherid`) values (417,229,201);
insert  into `offeredcourse`(`offid`,`courseid`,`teacherid`) values (418,231,9);
insert  into `offeredcourse`(`offid`,`courseid`,`teacherid`) values (419,236,136);
insert  into `offeredcourse`(`offid`,`courseid`,`teacherid`) values (420,245,226);
insert  into `offeredcourse`(`offid`,`courseid`,`teacherid`) values (421,224,195);
insert  into `offeredcourse`(`offid`,`courseid`,`teacherid`) values (422,225,28);
insert  into `offeredcourse`(`offid`,`courseid`,`teacherid`) values (423,226,101);
insert  into `offeredcourse`(`offid`,`courseid`,`teacherid`) values (424,227,125);
insert  into `offeredcourse`(`offid`,`courseid`,`teacherid`) values (425,228,101);
insert  into `offeredcourse`(`offid`,`courseid`,`teacherid`) values (426,230,180);
insert  into `offeredcourse`(`offid`,`courseid`,`teacherid`) values (427,232,21);
insert  into `offeredcourse`(`offid`,`courseid`,`teacherid`) values (428,233,124);
insert  into `offeredcourse`(`offid`,`courseid`,`teacherid`) values (429,235,20);
insert  into `offeredcourse`(`offid`,`courseid`,`teacherid`) values (430,106,167);
insert  into `offeredcourse`(`offid`,`courseid`,`teacherid`) values (431,107,218);
insert  into `offeredcourse`(`offid`,`courseid`,`teacherid`) values (432,108,193);
insert  into `offeredcourse`(`offid`,`courseid`,`teacherid`) values (433,111,24);
insert  into `offeredcourse`(`offid`,`courseid`,`teacherid`) values (434,113,149);
insert  into `offeredcourse`(`offid`,`courseid`,`teacherid`) values (435,109,24);
insert  into `offeredcourse`(`offid`,`courseid`,`teacherid`) values (436,110,53);
insert  into `offeredcourse`(`offid`,`courseid`,`teacherid`) values (437,112,162);
insert  into `offeredcourse`(`offid`,`courseid`,`teacherid`) values (438,117,193);
insert  into `offeredcourse`(`offid`,`courseid`,`teacherid`) values (439,120,149);
insert  into `offeredcourse`(`offid`,`courseid`,`teacherid`) values (440,128,68);
insert  into `offeredcourse`(`offid`,`courseid`,`teacherid`) values (441,104,77);
insert  into `offeredcourse`(`offid`,`courseid`,`teacherid`) values (442,105,108);
insert  into `offeredcourse`(`offid`,`courseid`,`teacherid`) values (443,115,117);
insert  into `offeredcourse`(`offid`,`courseid`,`teacherid`) values (444,119,68);
insert  into `offeredcourse`(`offid`,`courseid`,`teacherid`) values (445,123,24);
insert  into `offeredcourse`(`offid`,`courseid`,`teacherid`) values (446,124,111);
insert  into `offeredcourse`(`offid`,`courseid`,`teacherid`) values (447,118,17);
insert  into `offeredcourse`(`offid`,`courseid`,`teacherid`) values (448,125,44);
insert  into `offeredcourse`(`offid`,`courseid`,`teacherid`) values (449,126,32);
insert  into `offeredcourse`(`offid`,`courseid`,`teacherid`) values (450,133,149);
insert  into `offeredcourse`(`offid`,`courseid`,`teacherid`) values (451,145,68);
insert  into `offeredcourse`(`offid`,`courseid`,`teacherid`) values (452,114,68);
insert  into `offeredcourse`(`offid`,`courseid`,`teacherid`) values (453,121,53);
insert  into `offeredcourse`(`offid`,`courseid`,`teacherid`) values (454,127,77);
insert  into `offeredcourse`(`offid`,`courseid`,`teacherid`) values (455,129,193);
insert  into `offeredcourse`(`offid`,`courseid`,`teacherid`) values (456,130,35);
insert  into `offeredcourse`(`offid`,`courseid`,`teacherid`) values (457,116,149);
insert  into `offeredcourse`(`offid`,`courseid`,`teacherid`) values (458,122,45);
insert  into `offeredcourse`(`offid`,`courseid`,`teacherid`) values (459,134,193);
insert  into `offeredcourse`(`offid`,`courseid`,`teacherid`) values (460,135,77);
insert  into `offeredcourse`(`offid`,`courseid`,`teacherid`) values (461,143,68);
insert  into `offeredcourse`(`offid`,`courseid`,`teacherid`) values (462,132,34);
insert  into `offeredcourse`(`offid`,`courseid`,`teacherid`) values (463,137,24);
insert  into `offeredcourse`(`offid`,`courseid`,`teacherid`) values (464,138,77);
insert  into `offeredcourse`(`offid`,`courseid`,`teacherid`) values (465,140,24);
insert  into `offeredcourse`(`offid`,`courseid`,`teacherid`) values (466,131,77);
insert  into `offeredcourse`(`offid`,`courseid`,`teacherid`) values (467,136,93);
insert  into `offeredcourse`(`offid`,`courseid`,`teacherid`) values (468,139,193);
insert  into `offeredcourse`(`offid`,`courseid`,`teacherid`) values (469,144,45);
insert  into `offeredcourse`(`offid`,`courseid`,`teacherid`) values (470,146,24);
insert  into `offeredcourse`(`offid`,`courseid`,`teacherid`) values (471,141,44);
insert  into `offeredcourse`(`offid`,`courseid`,`teacherid`) values (472,142,149);
insert  into `offeredcourse`(`offid`,`courseid`,`teacherid`) values (473,147,196);
insert  into `offeredcourse`(`offid`,`courseid`,`teacherid`) values (474,148,82);
insert  into `offeredcourse`(`offid`,`courseid`,`teacherid`) values (475,331,211);
insert  into `offeredcourse`(`offid`,`courseid`,`teacherid`) values (476,333,197);
insert  into `offeredcourse`(`offid`,`courseid`,`teacherid`) values (477,335,206);
insert  into `offeredcourse`(`offid`,`courseid`,`teacherid`) values (478,336,26);
insert  into `offeredcourse`(`offid`,`courseid`,`teacherid`) values (479,340,132);
insert  into `offeredcourse`(`offid`,`courseid`,`teacherid`) values (480,355,39);
insert  into `offeredcourse`(`offid`,`courseid`,`teacherid`) values (481,331,194);
insert  into `offeredcourse`(`offid`,`courseid`,`teacherid`) values (482,333,208);
insert  into `offeredcourse`(`offid`,`courseid`,`teacherid`) values (483,335,206);
insert  into `offeredcourse`(`offid`,`courseid`,`teacherid`) values (484,336,26);
insert  into `offeredcourse`(`offid`,`courseid`,`teacherid`) values (485,340,132);
insert  into `offeredcourse`(`offid`,`courseid`,`teacherid`) values (486,355,39);
insert  into `offeredcourse`(`offid`,`courseid`,`teacherid`) values (487,331,191);
insert  into `offeredcourse`(`offid`,`courseid`,`teacherid`) values (488,333,208);
insert  into `offeredcourse`(`offid`,`courseid`,`teacherid`) values (489,335,18);
insert  into `offeredcourse`(`offid`,`courseid`,`teacherid`) values (490,336,191);
insert  into `offeredcourse`(`offid`,`courseid`,`teacherid`) values (491,340,90);
insert  into `offeredcourse`(`offid`,`courseid`,`teacherid`) values (492,355,124);
insert  into `offeredcourse`(`offid`,`courseid`,`teacherid`) values (493,332,197);
insert  into `offeredcourse`(`offid`,`courseid`,`teacherid`) values (494,334,142);
insert  into `offeredcourse`(`offid`,`courseid`,`teacherid`) values (495,338,157);
insert  into `offeredcourse`(`offid`,`courseid`,`teacherid`) values (496,339,116);
insert  into `offeredcourse`(`offid`,`courseid`,`teacherid`) values (497,341,178);
insert  into `offeredcourse`(`offid`,`courseid`,`teacherid`) values (498,342,197);
insert  into `offeredcourse`(`offid`,`courseid`,`teacherid`) values (499,332,197);
insert  into `offeredcourse`(`offid`,`courseid`,`teacherid`) values (500,334,142);
insert  into `offeredcourse`(`offid`,`courseid`,`teacherid`) values (501,338,157);
insert  into `offeredcourse`(`offid`,`courseid`,`teacherid`) values (502,339,116);
insert  into `offeredcourse`(`offid`,`courseid`,`teacherid`) values (503,341,178);
insert  into `offeredcourse`(`offid`,`courseid`,`teacherid`) values (504,342,197);
insert  into `offeredcourse`(`offid`,`courseid`,`teacherid`) values (505,343,65);
insert  into `offeredcourse`(`offid`,`courseid`,`teacherid`) values (506,344,210);
insert  into `offeredcourse`(`offid`,`courseid`,`teacherid`) values (507,345,94);
insert  into `offeredcourse`(`offid`,`courseid`,`teacherid`) values (508,343,65);
insert  into `offeredcourse`(`offid`,`courseid`,`teacherid`) values (509,344,210);
insert  into `offeredcourse`(`offid`,`courseid`,`teacherid`) values (510,345,192);
insert  into `offeredcourse`(`offid`,`courseid`,`teacherid`) values (511,337,30);
insert  into `offeredcourse`(`offid`,`courseid`,`teacherid`) values (512,357,30);
insert  into `offeredcourse`(`offid`,`courseid`,`teacherid`) values (513,358,38);
insert  into `offeredcourse`(`offid`,`courseid`,`teacherid`) values (514,357,30);
insert  into `offeredcourse`(`offid`,`courseid`,`teacherid`) values (515,358,38);
insert  into `offeredcourse`(`offid`,`courseid`,`teacherid`) values (516,346,208);
insert  into `offeredcourse`(`offid`,`courseid`,`teacherid`) values (517,347,187);
insert  into `offeredcourse`(`offid`,`courseid`,`teacherid`) values (518,348,15);
insert  into `offeredcourse`(`offid`,`courseid`,`teacherid`) values (519,349,210);
insert  into `offeredcourse`(`offid`,`courseid`,`teacherid`) values (520,350,177);
insert  into `offeredcourse`(`offid`,`courseid`,`teacherid`) values (521,351,38);
insert  into `offeredcourse`(`offid`,`courseid`,`teacherid`) values (522,352,179);
insert  into `offeredcourse`(`offid`,`courseid`,`teacherid`) values (523,353,144);
insert  into `offeredcourse`(`offid`,`courseid`,`teacherid`) values (524,354,208);
insert  into `offeredcourse`(`offid`,`courseid`,`teacherid`) values (525,356,38);
insert  into `offeredcourse`(`offid`,`courseid`,`teacherid`) values (526,99,175);
insert  into `offeredcourse`(`offid`,`courseid`,`teacherid`) values (527,100,72);
insert  into `offeredcourse`(`offid`,`courseid`,`teacherid`) values (528,101,163);
insert  into `offeredcourse`(`offid`,`courseid`,`teacherid`) values (529,102,153);
insert  into `offeredcourse`(`offid`,`courseid`,`teacherid`) values (530,103,54);
insert  into `offeredcourse`(`offid`,`courseid`,`teacherid`) values (531,56,236);
insert  into `offeredcourse`(`offid`,`courseid`,`teacherid`) values (532,77,121);
insert  into `offeredcourse`(`offid`,`courseid`,`teacherid`) values (533,90,121);
insert  into `offeredcourse`(`offid`,`courseid`,`teacherid`) values (534,59,67);
insert  into `offeredcourse`(`offid`,`courseid`,`teacherid`) values (535,60,225);
insert  into `offeredcourse`(`offid`,`courseid`,`teacherid`) values (536,61,123);
insert  into `offeredcourse`(`offid`,`courseid`,`teacherid`) values (537,62,135);
insert  into `offeredcourse`(`offid`,`courseid`,`teacherid`) values (538,63,207);
insert  into `offeredcourse`(`offid`,`courseid`,`teacherid`) values (539,64,103);
insert  into `offeredcourse`(`offid`,`courseid`,`teacherid`) values (540,70,5);
insert  into `offeredcourse`(`offid`,`courseid`,`teacherid`) values (541,76,135);
insert  into `offeredcourse`(`offid`,`courseid`,`teacherid`) values (542,78,130);
insert  into `offeredcourse`(`offid`,`courseid`,`teacherid`) values (543,60,225);
insert  into `offeredcourse`(`offid`,`courseid`,`teacherid`) values (544,65,46);
insert  into `offeredcourse`(`offid`,`courseid`,`teacherid`) values (545,66,140);
insert  into `offeredcourse`(`offid`,`courseid`,`teacherid`) values (546,69,10);
insert  into `offeredcourse`(`offid`,`courseid`,`teacherid`) values (547,79,183);
insert  into `offeredcourse`(`offid`,`courseid`,`teacherid`) values (548,80,152);
insert  into `offeredcourse`(`offid`,`courseid`,`teacherid`) values (549,81,46);
insert  into `offeredcourse`(`offid`,`courseid`,`teacherid`) values (550,82,183);
insert  into `offeredcourse`(`offid`,`courseid`,`teacherid`) values (551,83,11);
insert  into `offeredcourse`(`offid`,`courseid`,`teacherid`) values (552,57,8);
insert  into `offeredcourse`(`offid`,`courseid`,`teacherid`) values (553,58,114);
insert  into `offeredcourse`(`offid`,`courseid`,`teacherid`) values (554,67,204);
insert  into `offeredcourse`(`offid`,`courseid`,`teacherid`) values (555,68,97);
insert  into `offeredcourse`(`offid`,`courseid`,`teacherid`) values (556,74,147);
insert  into `offeredcourse`(`offid`,`courseid`,`teacherid`) values (557,75,71);
insert  into `offeredcourse`(`offid`,`courseid`,`teacherid`) values (558,84,213);
insert  into `offeredcourse`(`offid`,`courseid`,`teacherid`) values (559,53,235);
insert  into `offeredcourse`(`offid`,`courseid`,`teacherid`) values (560,73,137);
insert  into `offeredcourse`(`offid`,`courseid`,`teacherid`) values (561,88,102);
insert  into `offeredcourse`(`offid`,`courseid`,`teacherid`) values (562,89,145);
insert  into `offeredcourse`(`offid`,`courseid`,`teacherid`) values (563,97,150);
insert  into `offeredcourse`(`offid`,`courseid`,`teacherid`) values (564,71,103);
insert  into `offeredcourse`(`offid`,`courseid`,`teacherid`) values (565,98,83);
insert  into `offeredcourse`(`offid`,`courseid`,`teacherid`) values (566,71,103);
insert  into `offeredcourse`(`offid`,`courseid`,`teacherid`) values (567,98,127);
insert  into `offeredcourse`(`offid`,`courseid`,`teacherid`) values (568,71,173);
insert  into `offeredcourse`(`offid`,`courseid`,`teacherid`) values (569,98,8);
insert  into `offeredcourse`(`offid`,`courseid`,`teacherid`) values (570,71,67);
insert  into `offeredcourse`(`offid`,`courseid`,`teacherid`) values (571,98,79);
insert  into `offeredcourse`(`offid`,`courseid`,`teacherid`) values (572,71,225);
insert  into `offeredcourse`(`offid`,`courseid`,`teacherid`) values (573,98,79);
insert  into `offeredcourse`(`offid`,`courseid`,`teacherid`) values (574,71,184);
insert  into `offeredcourse`(`offid`,`courseid`,`teacherid`) values (575,98,222);
insert  into `offeredcourse`(`offid`,`courseid`,`teacherid`) values (576,71,184);
insert  into `offeredcourse`(`offid`,`courseid`,`teacherid`) values (577,98,222);
insert  into `offeredcourse`(`offid`,`courseid`,`teacherid`) values (578,71,174);
insert  into `offeredcourse`(`offid`,`courseid`,`teacherid`) values (579,98,8);
insert  into `offeredcourse`(`offid`,`courseid`,`teacherid`) values (580,71,156);
insert  into `offeredcourse`(`offid`,`courseid`,`teacherid`) values (581,98,71);
insert  into `offeredcourse`(`offid`,`courseid`,`teacherid`) values (582,55,103);
insert  into `offeredcourse`(`offid`,`courseid`,`teacherid`) values (583,72,235);
insert  into `offeredcourse`(`offid`,`courseid`,`teacherid`) values (584,91,81);
insert  into `offeredcourse`(`offid`,`courseid`,`teacherid`) values (585,94,153);
insert  into `offeredcourse`(`offid`,`courseid`,`teacherid`) values (586,95,99);
insert  into `offeredcourse`(`offid`,`courseid`,`teacherid`) values (587,97,150);
insert  into `offeredcourse`(`offid`,`courseid`,`teacherid`) values (588,71,72);
insert  into `offeredcourse`(`offid`,`courseid`,`teacherid`) values (589,89,145);
insert  into `offeredcourse`(`offid`,`courseid`,`teacherid`) values (590,90,121);
insert  into `offeredcourse`(`offid`,`courseid`,`teacherid`) values (591,86,81);
insert  into `offeredcourse`(`offid`,`courseid`,`teacherid`) values (592,87,175);
insert  into `offeredcourse`(`offid`,`courseid`,`teacherid`) values (593,91,91);
insert  into `offeredcourse`(`offid`,`courseid`,`teacherid`) values (594,92,123);
insert  into `offeredcourse`(`offid`,`courseid`,`teacherid`) values (595,94,121);
insert  into `offeredcourse`(`offid`,`courseid`,`teacherid`) values (596,96,84);
insert  into `offeredcourse`(`offid`,`courseid`,`teacherid`) values (597,72,14);
insert  into `offeredcourse`(`offid`,`courseid`,`teacherid`) values (598,93,54);
insert  into `offeredcourse`(`offid`,`courseid`,`teacherid`) values (599,95,99);
insert  into `offeredcourse`(`offid`,`courseid`,`teacherid`) values (600,71,103);
insert  into `offeredcourse`(`offid`,`courseid`,`teacherid`) values (601,89,83);
insert  into `offeredcourse`(`offid`,`courseid`,`teacherid`) values (602,87,175);
insert  into `offeredcourse`(`offid`,`courseid`,`teacherid`) values (603,91,78);
insert  into `offeredcourse`(`offid`,`courseid`,`teacherid`) values (604,92,72);
insert  into `offeredcourse`(`offid`,`courseid`,`teacherid`) values (605,94,153);
insert  into `offeredcourse`(`offid`,`courseid`,`teacherid`) values (606,96,162);
insert  into `offeredcourse`(`offid`,`courseid`,`teacherid`) values (607,72,235);
insert  into `offeredcourse`(`offid`,`courseid`,`teacherid`) values (608,93,54);
insert  into `offeredcourse`(`offid`,`courseid`,`teacherid`) values (609,95,78);
insert  into `offeredcourse`(`offid`,`courseid`,`teacherid`) values (610,71,72);
insert  into `offeredcourse`(`offid`,`courseid`,`teacherid`) values (611,89,145);
insert  into `offeredcourse`(`offid`,`courseid`,`teacherid`) values (612,90,121);
insert  into `offeredcourse`(`offid`,`courseid`,`teacherid`) values (613,86,81);
insert  into `offeredcourse`(`offid`,`courseid`,`teacherid`) values (614,66,140);
insert  into `offeredcourse`(`offid`,`courseid`,`teacherid`) values (615,69,10);
insert  into `offeredcourse`(`offid`,`courseid`,`teacherid`) values (616,85,145);
insert  into `offeredcourse`(`offid`,`courseid`,`teacherid`) values (617,77,121);
insert  into `offeredcourse`(`offid`,`courseid`,`teacherid`) values (618,83,11);
insert  into `offeredcourse`(`offid`,`courseid`,`teacherid`) values (619,239,119);
insert  into `offeredcourse`(`offid`,`courseid`,`teacherid`) values (620,242,215);
insert  into `offeredcourse`(`offid`,`courseid`,`teacherid`) values (621,243,80);
insert  into `offeredcourse`(`offid`,`courseid`,`teacherid`) values (622,244,202);
insert  into `offeredcourse`(`offid`,`courseid`,`teacherid`) values (623,246,195);
insert  into `offeredcourse`(`offid`,`courseid`,`teacherid`) values (624,300,47);
insert  into `offeredcourse`(`offid`,`courseid`,`teacherid`) values (625,301,57);
insert  into `offeredcourse`(`offid`,`courseid`,`teacherid`) values (626,302,57);
insert  into `offeredcourse`(`offid`,`courseid`,`teacherid`) values (627,303,35);
insert  into `offeredcourse`(`offid`,`courseid`,`teacherid`) values (628,304,53);
insert  into `offeredcourse`(`offid`,`courseid`,`teacherid`) values (629,321,104);
insert  into `offeredcourse`(`offid`,`courseid`,`teacherid`) values (630,322,168);
insert  into `offeredcourse`(`offid`,`courseid`,`teacherid`) values (631,323,104);
insert  into `offeredcourse`(`offid`,`courseid`,`teacherid`) values (632,324,98);
insert  into `offeredcourse`(`offid`,`courseid`,`teacherid`) values (633,325,22);
insert  into `offeredcourse`(`offid`,`courseid`,`teacherid`) values (634,149,53);
insert  into `offeredcourse`(`offid`,`courseid`,`teacherid`) values (635,150,44);
insert  into `offeredcourse`(`offid`,`courseid`,`teacherid`) values (636,186,29);
insert  into `offeredcourse`(`offid`,`courseid`,`teacherid`) values (637,187,51);
insert  into `offeredcourse`(`offid`,`courseid`,`teacherid`) values (638,168,236);
insert  into `offeredcourse`(`offid`,`courseid`,`teacherid`) values (639,169,236);
insert  into `offeredcourse`(`offid`,`courseid`,`teacherid`) values (640,170,236);
insert  into `offeredcourse`(`offid`,`courseid`,`teacherid`) values (641,171,236);
insert  into `offeredcourse`(`offid`,`courseid`,`teacherid`) values (642,188,236);
insert  into `offeredcourse`(`offid`,`courseid`,`teacherid`) values (643,189,52);
insert  into `offeredcourse`(`offid`,`courseid`,`teacherid`) values (644,328,148);
insert  into `offeredcourse`(`offid`,`courseid`,`teacherid`) values (645,329,88);
insert  into `offeredcourse`(`offid`,`courseid`,`teacherid`) values (646,330,236);
insert  into `offeredcourse`(`offid`,`courseid`,`teacherid`) values (647,359,236);
insert  into `offeredcourse`(`offid`,`courseid`,`teacherid`) values (648,362,236);
insert  into `offeredcourse`(`offid`,`courseid`,`teacherid`) values (649,194,74);
insert  into `offeredcourse`(`offid`,`courseid`,`teacherid`) values (650,195,36);
insert  into `offeredcourse`(`offid`,`courseid`,`teacherid`) values (651,196,236);
insert  into `offeredcourse`(`offid`,`courseid`,`teacherid`) values (652,197,74);
insert  into `offeredcourse`(`offid`,`courseid`,`teacherid`) values (653,198,50);
insert  into `offeredcourse`(`offid`,`courseid`,`teacherid`) values (654,199,181);
insert  into `offeredcourse`(`offid`,`courseid`,`teacherid`) values (655,200,236);
insert  into `offeredcourse`(`offid`,`courseid`,`teacherid`) values (656,206,236);
insert  into `offeredcourse`(`offid`,`courseid`,`teacherid`) values (657,207,236);
insert  into `offeredcourse`(`offid`,`courseid`,`teacherid`) values (658,237,236);
insert  into `offeredcourse`(`offid`,`courseid`,`teacherid`) values (659,238,155);
insert  into `offeredcourse`(`offid`,`courseid`,`teacherid`) values (660,239,119);
insert  into `offeredcourse`(`offid`,`courseid`,`teacherid`) values (661,240,236);
insert  into `offeredcourse`(`offid`,`courseid`,`teacherid`) values (662,241,219);
insert  into `offeredcourse`(`offid`,`courseid`,`teacherid`) values (663,305,54);
insert  into `offeredcourse`(`offid`,`courseid`,`teacherid`) values (664,306,46);
insert  into `offeredcourse`(`offid`,`courseid`,`teacherid`) values (665,307,236);
insert  into `offeredcourse`(`offid`,`courseid`,`teacherid`) values (666,308,56);
insert  into `offeredcourse`(`offid`,`courseid`,`teacherid`) values (667,309,209);
insert  into `offeredcourse`(`offid`,`courseid`,`teacherid`) values (668,310,48);
insert  into `offeredcourse`(`offid`,`courseid`,`teacherid`) values (669,311,55);
insert  into `offeredcourse`(`offid`,`courseid`,`teacherid`) values (670,312,43);
insert  into `offeredcourse`(`offid`,`courseid`,`teacherid`) values (671,313,236);
insert  into `offeredcourse`(`offid`,`courseid`,`teacherid`) values (672,294,150);
insert  into `offeredcourse`(`offid`,`courseid`,`teacherid`) values (673,295,99);
insert  into `offeredcourse`(`offid`,`courseid`,`teacherid`) values (674,296,236);
insert  into `offeredcourse`(`offid`,`courseid`,`teacherid`) values (675,297,209);
insert  into `offeredcourse`(`offid`,`courseid`,`teacherid`) values (676,298,99);
insert  into `offeredcourse`(`offid`,`courseid`,`teacherid`) values (677,299,236);
insert  into `offeredcourse`(`offid`,`courseid`,`teacherid`) values (678,326,236);
insert  into `offeredcourse`(`offid`,`courseid`,`teacherid`) values (679,327,236);
insert  into `offeredcourse`(`offid`,`courseid`,`teacherid`) values (680,359,236);
insert  into `offeredcourse`(`offid`,`courseid`,`teacherid`) values (681,360,74);
insert  into `offeredcourse`(`offid`,`courseid`,`teacherid`) values (682,361,36);
insert  into `offeredcourse`(`offid`,`courseid`,`teacherid`) values (683,362,236);
insert  into `offeredcourse`(`offid`,`courseid`,`teacherid`) values (684,363,33);
insert  into `offeredcourse`(`offid`,`courseid`,`teacherid`) values (685,172,236);
insert  into `offeredcourse`(`offid`,`courseid`,`teacherid`) values (686,173,236);
insert  into `offeredcourse`(`offid`,`courseid`,`teacherid`) values (687,174,236);
insert  into `offeredcourse`(`offid`,`courseid`,`teacherid`) values (688,175,236);
insert  into `offeredcourse`(`offid`,`courseid`,`teacherid`) values (689,366,236);
insert  into `offeredcourse`(`offid`,`courseid`,`teacherid`) values (690,369,236);
insert  into `offeredcourse`(`offid`,`courseid`,`teacherid`) values (691,371,236);
insert  into `offeredcourse`(`offid`,`courseid`,`teacherid`) values (692,201,74);
insert  into `offeredcourse`(`offid`,`courseid`,`teacherid`) values (693,202,36);
insert  into `offeredcourse`(`offid`,`courseid`,`teacherid`) values (694,203,236);
insert  into `offeredcourse`(`offid`,`courseid`,`teacherid`) values (695,204,74);
insert  into `offeredcourse`(`offid`,`courseid`,`teacherid`) values (696,205,50);
insert  into `offeredcourse`(`offid`,`courseid`,`teacherid`) values (697,308,56);
insert  into `offeredcourse`(`offid`,`courseid`,`teacherid`) values (698,309,209);
insert  into `offeredcourse`(`offid`,`courseid`,`teacherid`) values (699,314,48);
insert  into `offeredcourse`(`offid`,`courseid`,`teacherid`) values (700,315,236);
insert  into `offeredcourse`(`offid`,`courseid`,`teacherid`) values (701,316,56);
insert  into `offeredcourse`(`offid`,`courseid`,`teacherid`) values (702,317,236);
insert  into `offeredcourse`(`offid`,`courseid`,`teacherid`) values (703,318,54);
insert  into `offeredcourse`(`offid`,`courseid`,`teacherid`) values (704,319,236);
insert  into `offeredcourse`(`offid`,`courseid`,`teacherid`) values (705,320,56);
insert  into `offeredcourse`(`offid`,`courseid`,`teacherid`) values (706,363,33);
insert  into `offeredcourse`(`offid`,`courseid`,`teacherid`) values (707,364,74);
insert  into `offeredcourse`(`offid`,`courseid`,`teacherid`) values (708,365,36);
insert  into `offeredcourse`(`offid`,`courseid`,`teacherid`) values (709,367,236);
insert  into `offeredcourse`(`offid`,`courseid`,`teacherid`) values (710,369,236);
insert  into `offeredcourse`(`offid`,`courseid`,`teacherid`) values (711,368,236);
insert  into `offeredcourse`(`offid`,`courseid`,`teacherid`) values (712,370,236);
insert  into `offeredcourse`(`offid`,`courseid`,`teacherid`) values (713,372,236);

/*Table structure for table `room` */

CREATE TABLE `room` (
  `roomid` int(11) NOT NULL default '0',
  `roomno` varchar(20) default NULL,
  `campus` varchar(20) default NULL,
  `roomtype` varchar(25) default NULL,
  PRIMARY KEY  (`roomid`)
) ENGINE=MyISAM DEFAULT CHARSET=latin1;

/*Data for the table `room` */

insert  into `room`(`roomid`,`roomno`,`campus`,`roomtype`) values (1,'21','90','class');
insert  into `room`(`roomid`,`roomno`,`campus`,`roomtype`) values (2,'22','90','class');
insert  into `room`(`roomid`,`roomno`,`campus`,`roomtype`) values (3,'24','90','class');
insert  into `room`(`roomid`,`roomno`,`campus`,`roomtype`) values (4,'25','90','class');
insert  into `room`(`roomid`,`roomno`,`campus`,`roomtype`) values (5,'31','90','class');
insert  into `room`(`roomid`,`roomno`,`campus`,`roomtype`) values (6,'32','90','class');
insert  into `room`(`roomid`,`roomno`,`campus`,`roomtype`) values (7,'LAB 1&2','90','lab');
insert  into `room`(`roomid`,`roomno`,`campus`,`roomtype`) values (8,'Auditorium','90','auditorium');
insert  into `room`(`roomid`,`roomno`,`campus`,`roomtype`) values (9,'202','100','class');
insert  into `room`(`roomid`,`roomno`,`campus`,`roomtype`) values (10,'206','100','class');
insert  into `room`(`roomid`,`roomno`,`campus`,`roomtype`) values (11,'207','100','class');
insert  into `room`(`roomid`,`roomno`,`campus`,`roomtype`) values (12,'208','100','class');
insert  into `room`(`roomid`,`roomno`,`campus`,`roomtype`) values (13,'302','100','class');
insert  into `room`(`roomid`,`roomno`,`campus`,`roomtype`) values (14,'305','100','class');
insert  into `room`(`roomid`,`roomno`,`campus`,`roomtype`) values (15,'307','100','class');
insert  into `room`(`roomid`,`roomno`,`campus`,`roomtype`) values (16,'308','100','class');
insert  into `room`(`roomid`,`roomno`,`campus`,`roomtype`) values (17,'309','100','class');
insert  into `room`(`roomid`,`roomno`,`campus`,`roomtype`) values (18,'402','100','class');
insert  into `room`(`roomid`,`roomno`,`campus`,`roomtype`) values (19,'405','100','class');
insert  into `room`(`roomid`,`roomno`,`campus`,`roomtype`) values (20,'407','100','class');
insert  into `room`(`roomid`,`roomno`,`campus`,`roomtype`) values (21,'408','100','class');
insert  into `room`(`roomid`,`roomno`,`campus`,`roomtype`) values (22,'409','100','class');
insert  into `room`(`roomid`,`roomno`,`campus`,`roomtype`) values (23,'410','100','class');
insert  into `room`(`roomid`,`roomno`,`campus`,`roomtype`) values (24,'Lab-401','100','lab');
insert  into `room`(`roomid`,`roomno`,`campus`,`roomtype`) values (25,'M-32','100','lab');
insert  into `room`(`roomid`,`roomno`,`campus`,`roomtype`) values (26,'Media Lab','100','lab');
insert  into `room`(`roomid`,`roomno`,`campus`,`roomtype`) values (27,'Lab 3','100','lab');
insert  into `room`(`roomid`,`roomno`,`campus`,`roomtype`) values (28,'Lab 4&5','100','lab');
insert  into `room`(`roomid`,`roomno`,`campus`,`roomtype`) values (29,'Lab 6','100','lab');
insert  into `room`(`roomid`,`roomno`,`campus`,`roomtype`) values (30,'Studio ','100','studio');
insert  into `room`(`roomid`,`roomno`,`campus`,`roomtype`) values (31,'106','154','class');
insert  into `room`(`roomid`,`roomno`,`campus`,`roomtype`) values (32,'107','154','class');
insert  into `room`(`roomid`,`roomno`,`campus`,`roomtype`) values (33,'108','154','class');
insert  into `room`(`roomid`,`roomno`,`campus`,`roomtype`) values (34,'201','154','class');
insert  into `room`(`roomid`,`roomno`,`campus`,`roomtype`) values (35,'202','154','class');
insert  into `room`(`roomid`,`roomno`,`campus`,`roomtype`) values (36,'203','154','class');
insert  into `room`(`roomid`,`roomno`,`campus`,`roomtype`) values (37,'204','154','class');
insert  into `room`(`roomid`,`roomno`,`campus`,`roomtype`) values (38,'205','154','class');
insert  into `room`(`roomid`,`roomno`,`campus`,`roomtype`) values (39,'MM Lab','154','lab');
insert  into `room`(`roomid`,`roomno`,`campus`,`roomtype`) values (40,'TD Lab','154','lab');
insert  into `room`(`roomid`,`roomno`,`campus`,`roomtype`) values (41,'Em Lab','154','lab');
insert  into `room`(`roomid`,`roomno`,`campus`,`roomtype`) values (42,'ES Lab','154','lab');
insert  into `room`(`roomid`,`roomno`,`campus`,`roomtype`) values (43,'Bio-Lab 1','154','lab');
insert  into `room`(`roomid`,`roomno`,`campus`,`roomtype`) values (44,'Media Studio','154','studio');
insert  into `room`(`roomid`,`roomno`,`campus`,`roomtype`) values (45,'Research villa','154','lab');
insert  into `room`(`roomid`,`roomno`,`campus`,`roomtype`) values (46,'Bio-Lab 2','154','lab');

/*Table structure for table `schedule` */

CREATE TABLE `schedule` (
  `schid` int(11) NOT NULL auto_increment,
  `offid` int(11) default NULL,
  `slotid` int(11) default NULL,
  `occupied` int(11) default NULL,
  PRIMARY KEY  (`schid`),
  UNIQUE KEY `offid` (`offid`,`slotid`,`occupied`),
  UNIQUE KEY `offid_2` (`offid`,`slotid`,`occupied`)
) ENGINE=MyISAM AUTO_INCREMENT=305 DEFAULT CHARSET=latin1;

/*Data for the table `schedule` */

insert  into `schedule`(`schid`,`offid`,`slotid`,`occupied`) values (1,238,549,1);
insert  into `schedule`(`schid`,`offid`,`slotid`,`occupied`) values (2,199,550,1);
insert  into `schedule`(`schid`,`offid`,`slotid`,`occupied`) values (3,231,551,1);
insert  into `schedule`(`schid`,`offid`,`slotid`,`occupied`) values (4,472,552,3);
insert  into `schedule`(`schid`,`offid`,`slotid`,`occupied`) values (5,389,553,3);
insert  into `schedule`(`schid`,`offid`,`slotid`,`occupied`) values (6,379,554,3);
insert  into `schedule`(`schid`,`offid`,`slotid`,`occupied`) values (7,406,555,3);
insert  into `schedule`(`schid`,`offid`,`slotid`,`occupied`) values (8,499,556,3);
insert  into `schedule`(`schid`,`offid`,`slotid`,`occupied`) values (9,87,91,3);
insert  into `schedule`(`schid`,`offid`,`slotid`,`occupied`) values (10,228,6,1);
insert  into `schedule`(`schid`,`offid`,`slotid`,`occupied`) values (11,264,6,2);
insert  into `schedule`(`schid`,`offid`,`slotid`,`occupied`) values (12,269,51,1);
insert  into `schedule`(`schid`,`offid`,`slotid`,`occupied`) values (13,236,51,2);
insert  into `schedule`(`schid`,`offid`,`slotid`,`occupied`) values (14,114,2,3);
insert  into `schedule`(`schid`,`offid`,`slotid`,`occupied`) values (15,609,137,3);
insert  into `schedule`(`schid`,`offid`,`slotid`,`occupied`) values (16,133,1,3);
insert  into `schedule`(`schid`,`offid`,`slotid`,`occupied`) values (17,606,136,3);
insert  into `schedule`(`schid`,`offid`,`slotid`,`occupied`) values (18,265,208,2);
insert  into `schedule`(`schid`,`offid`,`slotid`,`occupied`) values (19,260,253,1);
insert  into `schedule`(`schid`,`offid`,`slotid`,`occupied`) values (20,201,207,2);
insert  into `schedule`(`schid`,`offid`,`slotid`,`occupied`) values (21,207,252,1);
insert  into `schedule`(`schid`,`offid`,`slotid`,`occupied`) values (22,141,46,3);
insert  into `schedule`(`schid`,`offid`,`slotid`,`occupied`) values (23,169,47,3);
insert  into `schedule`(`schid`,`offid`,`slotid`,`occupied`) values (24,177,92,3);
insert  into `schedule`(`schid`,`offid`,`slotid`,`occupied`) values (25,116,48,3);
insert  into `schedule`(`schid`,`offid`,`slotid`,`occupied`) values (26,90,93,3);
insert  into `schedule`(`schid`,`offid`,`slotid`,`occupied`) values (27,649,138,3);
insert  into `schedule`(`schid`,`offid`,`slotid`,`occupied`) values (28,72,49,3);
insert  into `schedule`(`schid`,`offid`,`slotid`,`occupied`) values (29,522,94,3);
insert  into `schedule`(`schid`,`offid`,`slotid`,`occupied`) values (30,175,139,3);
insert  into `schedule`(`schid`,`offid`,`slotid`,`occupied`) values (31,71,5,3);
insert  into `schedule`(`schid`,`offid`,`slotid`,`occupied`) values (32,195,50,3);
insert  into `schedule`(`schid`,`offid`,`slotid`,`occupied`) values (33,517,95,3);
insert  into `schedule`(`schid`,`offid`,`slotid`,`occupied`) values (34,577,140,3);
insert  into `schedule`(`schid`,`offid`,`slotid`,`occupied`) values (35,398,7,3);
insert  into `schedule`(`schid`,`offid`,`slotid`,`occupied`) values (36,140,181,3);
insert  into `schedule`(`schid`,`offid`,`slotid`,`occupied`) values (37,147,226,3);
insert  into `schedule`(`schid`,`offid`,`slotid`,`occupied`) values (38,568,316,3);
insert  into `schedule`(`schid`,`offid`,`slotid`,`occupied`) values (39,120,182,3);
insert  into `schedule`(`schid`,`offid`,`slotid`,`occupied`) values (40,494,227,3);
insert  into `schedule`(`schid`,`offid`,`slotid`,`occupied`) values (41,500,272,3);
insert  into `schedule`(`schid`,`offid`,`slotid`,`occupied`) values (42,586,317,3);
insert  into `schedule`(`schid`,`offid`,`slotid`,`occupied`) values (43,104,183,3);
insert  into `schedule`(`schid`,`offid`,`slotid`,`occupied`) values (44,520,228,3);
insert  into `schedule`(`schid`,`offid`,`slotid`,`occupied`) values (45,508,273,3);
insert  into `schedule`(`schid`,`offid`,`slotid`,`occupied`) values (46,681,318,3);
insert  into `schedule`(`schid`,`offid`,`slotid`,`occupied`) values (47,96,184,3);
insert  into `schedule`(`schid`,`offid`,`slotid`,`occupied`) values (48,13,229,3);
insert  into `schedule`(`schid`,`offid`,`slotid`,`occupied`) values (49,506,274,3);
insert  into `schedule`(`schid`,`offid`,`slotid`,`occupied`) values (50,566,319,3);
insert  into `schedule`(`schid`,`offid`,`slotid`,`occupied`) values (51,77,185,3);
insert  into `schedule`(`schid`,`offid`,`slotid`,`occupied`) values (52,12,230,3);
insert  into `schedule`(`schid`,`offid`,`slotid`,`occupied`) values (53,252,275,1);
insert  into `schedule`(`schid`,`offid`,`slotid`,`occupied`) values (54,253,275,2);
insert  into `schedule`(`schid`,`offid`,`slotid`,`occupied`) values (55,575,320,3);
insert  into `schedule`(`schid`,`offid`,`slotid`,`occupied`) values (56,274,186,2);
insert  into `schedule`(`schid`,`offid`,`slotid`,`occupied`) values (57,279,231,1);
insert  into `schedule`(`schid`,`offid`,`slotid`,`occupied`) values (58,202,231,2);
insert  into `schedule`(`schid`,`offid`,`slotid`,`occupied`) values (59,208,276,1);
insert  into `schedule`(`schid`,`offid`,`slotid`,`occupied`) values (60,637,321,3);
insert  into `schedule`(`schid`,`offid`,`slotid`,`occupied`) values (61,404,187,3);
insert  into `schedule`(`schid`,`offid`,`slotid`,`occupied`) values (62,26,370,3);
insert  into `schedule`(`schid`,`offid`,`slotid`,`occupied`) values (63,150,371,3);
insert  into `schedule`(`schid`,`offid`,`slotid`,`occupied`) values (64,353,372,3);
insert  into `schedule`(`schid`,`offid`,`slotid`,`occupied`) values (65,383,373,3);
insert  into `schedule`(`schid`,`offid`,`slotid`,`occupied`) values (66,424,374,3);
insert  into `schedule`(`schid`,`offid`,`slotid`,`occupied`) values (67,320,375,2);
insert  into `schedule`(`schid`,`offid`,`slotid`,`occupied`) values (68,298,377,2);
insert  into `schedule`(`schid`,`offid`,`slotid`,`occupied`) values (69,228,378,1);
insert  into `schedule`(`schid`,`offid`,`slotid`,`occupied`) values (70,236,378,2);
insert  into `schedule`(`schid`,`offid`,`slotid`,`occupied`) values (71,246,379,2);
insert  into `schedule`(`schid`,`offid`,`slotid`,`occupied`) values (72,327,380,1);
insert  into `schedule`(`schid`,`offid`,`slotid`,`occupied`) values (73,237,381,1);
insert  into `schedule`(`schid`,`offid`,`slotid`,`occupied`) values (74,229,381,2);
insert  into `schedule`(`schid`,`offid`,`slotid`,`occupied`) values (75,277,382,2);
insert  into `schedule`(`schid`,`offid`,`slotid`,`occupied`) values (76,276,383,1);
insert  into `schedule`(`schid`,`offid`,`slotid`,`occupied`) values (77,271,383,2);
insert  into `schedule`(`schid`,`offid`,`slotid`,`occupied`) values (78,310,387,3);
insert  into `schedule`(`schid`,`offid`,`slotid`,`occupied`) values (79,331,388,3);
insert  into `schedule`(`schid`,`offid`,`slotid`,`occupied`) values (80,263,417,1);
insert  into `schedule`(`schid`,`offid`,`slotid`,`occupied`) values (81,268,417,2);
insert  into `schedule`(`schid`,`offid`,`slotid`,`occupied`) values (82,409,418,3);
insert  into `schedule`(`schid`,`offid`,`slotid`,`occupied`) values (83,408,419,3);
insert  into `schedule`(`schid`,`offid`,`slotid`,`occupied`) values (84,329,420,1);
insert  into `schedule`(`schid`,`offid`,`slotid`,`occupied`) values (85,98,421,3);
insert  into `schedule`(`schid`,`offid`,`slotid`,`occupied`) values (86,74,422,3);
insert  into `schedule`(`schid`,`offid`,`slotid`,`occupied`) values (87,121,423,3);
insert  into `schedule`(`schid`,`offid`,`slotid`,`occupied`) values (88,129,424,3);
insert  into `schedule`(`schid`,`offid`,`slotid`,`occupied`) values (89,514,425,3);
insert  into `schedule`(`schid`,`offid`,`slotid`,`occupied`) values (90,27,426,3);
insert  into `schedule`(`schid`,`offid`,`slotid`,`occupied`) values (91,5,427,3);
insert  into `schedule`(`schid`,`offid`,`slotid`,`occupied`) values (92,250,432,1);
insert  into `schedule`(`schid`,`offid`,`slotid`,`occupied`) values (93,258,432,2);
insert  into `schedule`(`schid`,`offid`,`slotid`,`occupied`) values (94,339,433,3);
insert  into `schedule`(`schid`,`offid`,`slotid`,`occupied`) values (95,377,463,3);
insert  into `schedule`(`schid`,`offid`,`slotid`,`occupied`) values (96,365,466,3);
insert  into `schedule`(`schid`,`offid`,`slotid`,`occupied`) values (97,240,468,1);
insert  into `schedule`(`schid`,`offid`,`slotid`,`occupied`) values (98,232,468,2);
insert  into `schedule`(`schid`,`offid`,`slotid`,`occupied`) values (99,254,469,1);
insert  into `schedule`(`schid`,`offid`,`slotid`,`occupied`) values (100,492,473,3);
insert  into `schedule`(`schid`,`offid`,`slotid`,`occupied`) values (101,229,477,1);
insert  into `schedule`(`schid`,`offid`,`slotid`,`occupied`) values (102,237,477,2);
insert  into `schedule`(`schid`,`offid`,`slotid`,`occupied`) values (103,272,414,2);
insert  into `schedule`(`schid`,`offid`,`slotid`,`occupied`) values (104,399,416,3);
insert  into `schedule`(`schid`,`offid`,`slotid`,`occupied`) values (105,64,460,3);
insert  into `schedule`(`schid`,`offid`,`slotid`,`occupied`) values (106,67,505,3);
insert  into `schedule`(`schid`,`offid`,`slotid`,`occupied`) values (107,611,508,3);
insert  into `schedule`(`schid`,`offid`,`slotid`,`occupied`) values (108,543,510,3);
insert  into `schedule`(`schid`,`offid`,`slotid`,`occupied`) values (109,607,513,3);
insert  into `schedule`(`schid`,`offid`,`slotid`,`occupied`) values (110,604,514,3);
insert  into `schedule`(`schid`,`offid`,`slotid`,`occupied`) values (111,633,516,3);
insert  into `schedule`(`schid`,`offid`,`slotid`,`occupied`) values (112,660,507,3);
insert  into `schedule`(`schid`,`offid`,`slotid`,`occupied`) values (113,547,522,3);
insert  into `schedule`(`schid`,`offid`,`slotid`,`occupied`) values (114,146,361,3);
insert  into `schedule`(`schid`,`offid`,`slotid`,`occupied`) values (115,126,362,3);
insert  into `schedule`(`schid`,`offid`,`slotid`,`occupied`) values (116,222,363,1);
insert  into `schedule`(`schid`,`offid`,`slotid`,`occupied`) values (117,222,363,2);
insert  into `schedule`(`schid`,`offid`,`slotid`,`occupied`) values (118,2,365,3);
insert  into `schedule`(`schid`,`offid`,`slotid`,`occupied`) values (119,50,364,3);
insert  into `schedule`(`schid`,`offid`,`slotid`,`occupied`) values (120,264,366,2);
insert  into `schedule`(`schid`,`offid`,`slotid`,`occupied`) values (121,213,367,2);
insert  into `schedule`(`schid`,`offid`,`slotid`,`occupied`) values (122,152,406,3);
insert  into `schedule`(`schid`,`offid`,`slotid`,`occupied`) values (123,670,496,3);
insert  into `schedule`(`schid`,`offid`,`slotid`,`occupied`) values (124,358,407,3);
insert  into `schedule`(`schid`,`offid`,`slotid`,`occupied`) values (125,584,497,3);
insert  into `schedule`(`schid`,`offid`,`slotid`,`occupied`) values (126,505,453,3);
insert  into `schedule`(`schid`,`offid`,`slotid`,`occupied`) values (127,614,498,3);
insert  into `schedule`(`schid`,`offid`,`slotid`,`occupied`) values (128,24,409,3);
insert  into `schedule`(`schid`,`offid`,`slotid`,`occupied`) values (129,510,454,3);
insert  into `schedule`(`schid`,`offid`,`slotid`,`occupied`) values (130,172,499,3);
insert  into `schedule`(`schid`,`offid`,`slotid`,`occupied`) values (131,596,410,3);
insert  into `schedule`(`schid`,`offid`,`slotid`,`occupied`) values (132,19,455,3);
insert  into `schedule`(`schid`,`offid`,`slotid`,`occupied`) values (133,552,500,3);
insert  into `schedule`(`schid`,`offid`,`slotid`,`occupied`) values (134,102,542,3);
insert  into `schedule`(`schid`,`offid`,`slotid`,`occupied`) values (135,122,543,3);
insert  into `schedule`(`schid`,`offid`,`slotid`,`occupied`) values (136,84,544,3);
insert  into `schedule`(`schid`,`offid`,`slotid`,`occupied`) values (137,252,545,2);
insert  into `schedule`(`schid`,`offid`,`slotid`,`occupied`) values (138,274,546,2);
insert  into `schedule`(`schid`,`offid`,`slotid`,`occupied`) values (139,487,586,3);
insert  into `schedule`(`schid`,`offid`,`slotid`,`occupied`) values (140,564,587,3);
insert  into `schedule`(`schid`,`offid`,`slotid`,`occupied`) values (141,520,588,3);
insert  into `schedule`(`schid`,`offid`,`slotid`,`occupied`) values (142,53,589,3);
insert  into `schedule`(`schid`,`offid`,`slotid`,`occupied`) values (143,244,590,1);
insert  into `schedule`(`schid`,`offid`,`slotid`,`occupied`) values (144,279,591,1);
insert  into `schedule`(`schid`,`offid`,`slotid`,`occupied`) values (145,202,591,2);
insert  into `schedule`(`schid`,`offid`,`slotid`,`occupied`) values (146,599,632,3);
insert  into `schedule`(`schid`,`offid`,`slotid`,`occupied`) values (147,163,634,3);
insert  into `schedule`(`schid`,`offid`,`slotid`,`occupied`) values (148,208,636,3);
insert  into `schedule`(`schid`,`offid`,`slotid`,`occupied`) values (149,605,676,3);
insert  into `schedule`(`schid`,`offid`,`slotid`,`occupied`) values (150,587,677,3);
insert  into `schedule`(`schid`,`offid`,`slotid`,`occupied`) values (151,681,678,3);
insert  into `schedule`(`schid`,`offid`,`slotid`,`occupied`) values (152,667,679,3);
insert  into `schedule`(`schid`,`offid`,`slotid`,`occupied`) values (153,298,17,2);
insert  into `schedule`(`schid`,`offid`,`slotid`,`occupied`) values (154,105,18,3);
insert  into `schedule`(`schid`,`offid`,`slotid`,`occupied`) values (155,307,19,2);
insert  into `schedule`(`schid`,`offid`,`slotid`,`occupied`) values (156,344,20,2);
insert  into `schedule`(`schid`,`offid`,`slotid`,`occupied`) values (157,315,22,2);
insert  into `schedule`(`schid`,`offid`,`slotid`,`occupied`) values (158,482,23,3);
insert  into `schedule`(`schid`,`offid`,`slotid`,`occupied`) values (159,367,62,3);
insert  into `schedule`(`schid`,`offid`,`slotid`,`occupied`) values (160,299,63,1);
insert  into `schedule`(`schid`,`offid`,`slotid`,`occupied`) values (161,512,64,3);
insert  into `schedule`(`schid`,`offid`,`slotid`,`occupied`) values (162,336,65,1);
insert  into `schedule`(`schid`,`offid`,`slotid`,`occupied`) values (163,502,66,3);
insert  into `schedule`(`schid`,`offid`,`slotid`,`occupied`) values (164,263,67,1);
insert  into `schedule`(`schid`,`offid`,`slotid`,`occupied`) values (165,268,67,2);
insert  into `schedule`(`schid`,`offid`,`slotid`,`occupied`) values (166,415,68,3);
insert  into `schedule`(`schid`,`offid`,`slotid`,`occupied`) values (167,362,69,3);
insert  into `schedule`(`schid`,`offid`,`slotid`,`occupied`) values (168,305,70,3);
insert  into `schedule`(`schid`,`offid`,`slotid`,`occupied`) values (169,40,72,3);
insert  into `schedule`(`schid`,`offid`,`slotid`,`occupied`) values (170,302,117,3);
insert  into `schedule`(`schid`,`offid`,`slotid`,`occupied`) values (171,574,152,3);
insert  into `schedule`(`schid`,`offid`,`slotid`,`occupied`) values (172,583,153,3);
insert  into `schedule`(`schid`,`offid`,`slotid`,`occupied`) values (173,588,156,3);
insert  into `schedule`(`schid`,`offid`,`slotid`,`occupied`) values (174,632,162,3);
insert  into `schedule`(`schid`,`offid`,`slotid`,`occupied`) values (175,75,721,3);
insert  into `schedule`(`schid`,`offid`,`slotid`,`occupied`) values (176,503,811,3);
insert  into `schedule`(`schid`,`offid`,`slotid`,`occupied`) values (177,603,856,3);
insert  into `schedule`(`schid`,`offid`,`slotid`,`occupied`) values (178,108,722,3);
insert  into `schedule`(`schid`,`offid`,`slotid`,`occupied`) values (179,248,812,1);
insert  into `schedule`(`schid`,`offid`,`slotid`,`occupied`) values (180,256,812,2);
insert  into `schedule`(`schid`,`offid`,`slotid`,`occupied`) values (181,582,857,3);
insert  into `schedule`(`schid`,`offid`,`slotid`,`occupied`) values (182,83,723,3);
insert  into `schedule`(`schid`,`offid`,`slotid`,`occupied`) values (183,255,813,1);
insert  into `schedule`(`schid`,`offid`,`slotid`,`occupied`) values (184,247,813,2);
insert  into `schedule`(`schid`,`offid`,`slotid`,`occupied`) values (185,654,858,3);
insert  into `schedule`(`schid`,`offid`,`slotid`,`occupied`) values (186,437,724,3);
insert  into `schedule`(`schid`,`offid`,`slotid`,`occupied`) values (187,14,814,3);
insert  into `schedule`(`schid`,`offid`,`slotid`,`occupied`) values (188,668,859,3);
insert  into `schedule`(`schid`,`offid`,`slotid`,`occupied`) values (189,431,725,3);
insert  into `schedule`(`schid`,`offid`,`slotid`,`occupied`) values (190,523,815,3);
insert  into `schedule`(`schid`,`offid`,`slotid`,`occupied`) values (191,560,860,3);
insert  into `schedule`(`schid`,`offid`,`slotid`,`occupied`) values (192,276,771,1);
insert  into `schedule`(`schid`,`offid`,`slotid`,`occupied`) values (193,271,731,1);
insert  into `schedule`(`schid`,`offid`,`slotid`,`occupied`) values (194,271,726,2);
insert  into `schedule`(`schid`,`offid`,`slotid`,`occupied`) values (195,478,946,3);
insert  into `schedule`(`schid`,`offid`,`slotid`,`occupied`) values (196,443,991,3);
insert  into `schedule`(`schid`,`offid`,`slotid`,`occupied`) values (197,558,1036,3);
insert  into `schedule`(`schid`,`offid`,`slotid`,`occupied`) values (198,191,947,3);
insert  into `schedule`(`schid`,`offid`,`slotid`,`occupied`) values (199,128,902,3);
insert  into `schedule`(`schid`,`offid`,`slotid`,`occupied`) values (200,78,992,3);
insert  into `schedule`(`schid`,`offid`,`slotid`,`occupied`) values (201,585,1037,3);
insert  into `schedule`(`schid`,`offid`,`slotid`,`occupied`) values (202,214,903,3);
insert  into `schedule`(`schid`,`offid`,`slotid`,`occupied`) values (203,220,948,3);
insert  into `schedule`(`schid`,`offid`,`slotid`,`occupied`) values (204,65,904,3);
insert  into `schedule`(`schid`,`offid`,`slotid`,`occupied`) values (205,165,949,3);
insert  into `schedule`(`schid`,`offid`,`slotid`,`occupied`) values (206,518,994,3);
insert  into `schedule`(`schid`,`offid`,`slotid`,`occupied`) values (207,519,1039,3);
insert  into `schedule`(`schid`,`offid`,`slotid`,`occupied`) values (208,479,905,3);
insert  into `schedule`(`schid`,`offid`,`slotid`,`occupied`) values (209,485,950,3);
insert  into `schedule`(`schid`,`offid`,`slotid`,`occupied`) values (210,484,995,3);
insert  into `schedule`(`schid`,`offid`,`slotid`,`occupied`) values (211,561,1040,3);
insert  into `schedule`(`schid`,`offid`,`slotid`,`occupied`) values (212,239,906,2);
insert  into `schedule`(`schid`,`offid`,`slotid`,`occupied`) values (213,231,951,1);
insert  into `schedule`(`schid`,`offid`,`slotid`,`occupied`) values (214,442,952,3);
insert  into `schedule`(`schid`,`offid`,`slotid`,`occupied`) values (215,348,31,3);
insert  into `schedule`(`schid`,`offid`,`slotid`,`occupied`) values (216,240,32,2);
insert  into `schedule`(`schid`,`offid`,`slotid`,`occupied`) values (217,433,33,1);
insert  into `schedule`(`schid`,`offid`,`slotid`,`occupied`) values (218,223,34,1);
insert  into `schedule`(`schid`,`offid`,`slotid`,`occupied`) values (219,223,34,2);
insert  into `schedule`(`schid`,`offid`,`slotid`,`occupied`) values (220,498,35,3);
insert  into `schedule`(`schid`,`offid`,`slotid`,`occupied`) values (221,318,36,1);
insert  into `schedule`(`schid`,`offid`,`slotid`,`occupied`) values (222,229,37,2);
insert  into `schedule`(`schid`,`offid`,`slotid`,`occupied`) values (223,85,76,3);
insert  into `schedule`(`schid`,`offid`,`slotid`,`occupied`) values (224,25,77,3);
insert  into `schedule`(`schid`,`offid`,`slotid`,`occupied`) values (225,438,78,1);
insert  into `schedule`(`schid`,`offid`,`slotid`,`occupied`) values (226,237,82,1);
insert  into `schedule`(`schid`,`offid`,`slotid`,`occupied`) values (227,314,85,3);
insert  into `schedule`(`schid`,`offid`,`slotid`,`occupied`) values (228,349,86,3);
insert  into `schedule`(`schid`,`offid`,`slotid`,`occupied`) values (229,349,131,3);
insert  into `schedule`(`schid`,`offid`,`slotid`,`occupied`) values (230,309,134,3);
insert  into `schedule`(`schid`,`offid`,`slotid`,`occupied`) values (231,384,133,3);
insert  into `schedule`(`schid`,`offid`,`slotid`,`occupied`) values (232,89,211,2);
insert  into `schedule`(`schid`,`offid`,`slotid`,`occupied`) values (233,463,212,3);
insert  into `schedule`(`schid`,`offid`,`slotid`,`occupied`) values (234,446,213,1);
insert  into `schedule`(`schid`,`offid`,`slotid`,`occupied`) values (235,118,214,3);
insert  into `schedule`(`schid`,`offid`,`slotid`,`occupied`) values (236,476,215,3);
insert  into `schedule`(`schid`,`offid`,`slotid`,`occupied`) values (237,452,216,1);
insert  into `schedule`(`schid`,`offid`,`slotid`,`occupied`) values (238,199,217,1);
insert  into `schedule`(`schid`,`offid`,`slotid`,`occupied`) values (239,205,217,2);
insert  into `schedule`(`schid`,`offid`,`slotid`,`occupied`) values (240,347,219,2);
insert  into `schedule`(`schid`,`offid`,`slotid`,`occupied`) values (241,446,222,2);
insert  into `schedule`(`schid`,`offid`,`slotid`,`occupied`) values (242,565,261,3);
insert  into `schedule`(`schid`,`offid`,`slotid`,`occupied`) values (243,319,263,3);
insert  into `schedule`(`schid`,`offid`,`slotid`,`occupied`) values (244,347,264,3);
insert  into `schedule`(`schid`,`offid`,`slotid`,`occupied`) values (245,345,265,3);
insert  into `schedule`(`schid`,`offid`,`slotid`,`occupied`) values (246,432,267,3);
insert  into `schedule`(`schid`,`offid`,`slotid`,`occupied`) values (247,301,269,3);
insert  into `schedule`(`schid`,`offid`,`slotid`,`occupied`) values (248,422,268,3);
insert  into `schedule`(`schid`,`offid`,`slotid`,`occupied`) values (249,267,307,1);
insert  into `schedule`(`schid`,`offid`,`slotid`,`occupied`) values (250,319,308,3);
insert  into `schedule`(`schid`,`offid`,`slotid`,`occupied`) values (251,345,310,3);
insert  into `schedule`(`schid`,`offid`,`slotid`,`occupied`) values (252,432,312,3);
insert  into `schedule`(`schid`,`offid`,`slotid`,`occupied`) values (253,309,314,3);
insert  into `schedule`(`schid`,`offid`,`slotid`,`occupied`) values (254,580,167,3);
insert  into `schedule`(`schid`,`offid`,`slotid`,`occupied`) values (263,306,557,2);
insert  into `schedule`(`schid`,`offid`,`slotid`,`occupied`) values (264,300,558,2);
insert  into `schedule`(`schid`,`offid`,`slotid`,`occupied`) values (265,261,559,2);
insert  into `schedule`(`schid`,`offid`,`slotid`,`occupied`) values (266,313,560,2);
insert  into `schedule`(`schid`,`offid`,`slotid`,`occupied`) values (267,315,561,1);
insert  into `schedule`(`schid`,`offid`,`slotid`,`occupied`) values (268,253,562,1);
insert  into `schedule`(`schid`,`offid`,`slotid`,`occupied`) values (269,335,563,2);
insert  into `schedule`(`schid`,`offid`,`slotid`,`occupied`) values (270,201,567,2);
insert  into `schedule`(`schid`,`offid`,`slotid`,`occupied`) values (271,265,568,2);
insert  into `schedule`(`schid`,`offid`,`slotid`,`occupied`) values (272,595,594,3);
insert  into `schedule`(`schid`,`offid`,`slotid`,`occupied`) values (273,158,595,3);
insert  into `schedule`(`schid`,`offid`,`slotid`,`occupied`) values (274,405,596,3);
insert  into `schedule`(`schid`,`offid`,`slotid`,`occupied`) values (275,273,597,1);
insert  into `schedule`(`schid`,`offid`,`slotid`,`occupied`) values (276,385,599,3);
insert  into `schedule`(`schid`,`offid`,`slotid`,`occupied`) values (277,477,600,3);
insert  into `schedule`(`schid`,`offid`,`slotid`,`occupied`) values (278,521,601,3);
insert  into `schedule`(`schid`,`offid`,`slotid`,`occupied`) values (279,86,602,3);
insert  into `schedule`(`schid`,`offid`,`slotid`,`occupied`) values (280,308,603,1);
insert  into `schedule`(`schid`,`offid`,`slotid`,`occupied`) values (281,123,604,3);
insert  into `schedule`(`schid`,`offid`,`slotid`,`occupied`) values (282,299,605,1);
insert  into `schedule`(`schid`,`offid`,`slotid`,`occupied`) values (283,17,607,3);
insert  into `schedule`(`schid`,`offid`,`slotid`,`occupied`) values (284,421,611,3);
insert  into `schedule`(`schid`,`offid`,`slotid`,`occupied`) values (285,207,612,1);
insert  into `schedule`(`schid`,`offid`,`slotid`,`occupied`) values (286,260,613,1);
insert  into `schedule`(`schid`,`offid`,`slotid`,`occupied`) values (287,396,639,3);
insert  into `schedule`(`schid`,`offid`,`slotid`,`occupied`) values (288,149,640,3);
insert  into `schedule`(`schid`,`offid`,`slotid`,`occupied`) values (289,49,641,3);
insert  into `schedule`(`schid`,`offid`,`slotid`,`occupied`) values (290,393,643,3);
insert  into `schedule`(`schid`,`offid`,`slotid`,`occupied`) values (291,462,644,2);
insert  into `schedule`(`schid`,`offid`,`slotid`,`occupied`) values (292,483,645,3);
insert  into `schedule`(`schid`,`offid`,`slotid`,`occupied`) values (293,364,646,3);
insert  into `schedule`(`schid`,`offid`,`slotid`,`occupied`) values (294,524,647,3);
insert  into `schedule`(`schid`,`offid`,`slotid`,`occupied`) values (295,94,648,3);
insert  into `schedule`(`schid`,`offid`,`slotid`,`occupied`) values (296,403,656,3);
insert  into `schedule`(`schid`,`offid`,`slotid`,`occupied`) values (297,245,657,1);
insert  into `schedule`(`schid`,`offid`,`slotid`,`occupied`) values (298,259,658,1);
insert  into `schedule`(`schid`,`offid`,`slotid`,`occupied`) values (299,180,685,3);
insert  into `schedule`(`schid`,`offid`,`slotid`,`occupied`) values (300,705,686,3);
insert  into `schedule`(`schid`,`offid`,`slotid`,`occupied`) values (301,659,687,3);
insert  into `schedule`(`schid`,`offid`,`slotid`,`occupied`) values (302,534,691,3);
insert  into `schedule`(`schid`,`offid`,`slotid`,`occupied`) values (303,554,693,3);
insert  into `schedule`(`schid`,`offid`,`slotid`,`occupied`) values (304,538,697,3);

/*Table structure for table `section` */

CREATE TABLE `section` (
  `secid` int(11) NOT NULL default '0',
  `sectionname` varchar(25) default NULL,
  PRIMARY KEY  (`secid`)
) ENGINE=MyISAM DEFAULT CHARSET=latin1;

/*Data for the table `section` */

insert  into `section`(`secid`,`sectionname`) values (1,'BABS 2A');
insert  into `section`(`secid`,`sectionname`) values (2,'BABS 2B');
insert  into `section`(`secid`,`sectionname`) values (3,'BABS 2C');
insert  into `section`(`secid`,`sectionname`) values (4,'BABS 2D');
insert  into `section`(`secid`,`sectionname`) values (5,'BABS 4A');
insert  into `section`(`secid`,`sectionname`) values (6,'BABS 4B');
insert  into `section`(`secid`,`sectionname`) values (7,'BABS 4C');
insert  into `section`(`secid`,`sectionname`) values (8,'BABS 4D');
insert  into `section`(`secid`,`sectionname`) values (9,'BABS 6A');
insert  into `section`(`secid`,`sectionname`) values (10,'BABS 6B');
insert  into `section`(`secid`,`sectionname`) values (11,'BABS 6C');
insert  into `section`(`secid`,`sectionname`) values (12,'BABS 7A');
insert  into `section`(`secid`,`sectionname`) values (13,'BABS Open');
insert  into `section`(`secid`,`sectionname`) values (14,'BBA 2A');
insert  into `section`(`secid`,`sectionname`) values (15,'BBA 2B');
insert  into `section`(`secid`,`sectionname`) values (16,'BBA 2C');
insert  into `section`(`secid`,`sectionname`) values (17,'BBA 2D');
insert  into `section`(`secid`,`sectionname`) values (18,'BBA 2E');
insert  into `section`(`secid`,`sectionname`) values (19,'BBA 2F');
insert  into `section`(`secid`,`sectionname`) values (20,'BBA 4A');
insert  into `section`(`secid`,`sectionname`) values (21,'BBA 4B');
insert  into `section`(`secid`,`sectionname`) values (22,'BBA 4C');
insert  into `section`(`secid`,`sectionname`) values (23,'BBA 4D');
insert  into `section`(`secid`,`sectionname`) values (24,'BBA 4E');
insert  into `section`(`secid`,`sectionname`) values (25,'BBA 6A');
insert  into `section`(`secid`,`sectionname`) values (26,'BBA 6B');
insert  into `section`(`secid`,`sectionname`) values (27,'BBA 6C');
insert  into `section`(`secid`,`sectionname`) values (28,'BBA 6D');
insert  into `section`(`secid`,`sectionname`) values (29,'BBA 6E');
insert  into `section`(`secid`,`sectionname`) values (30,'BBA 8A');
insert  into `section`(`secid`,`sectionname`) values (31,'BBA 8B');
insert  into `section`(`secid`,`sectionname`) values (32,'BBA 8C');
insert  into `section`(`secid`,`sectionname`) values (33,'BBA 8D');
insert  into `section`(`secid`,`sectionname`) values (34,'BBA 8E');
insert  into `section`(`secid`,`sectionname`) values (35,'BBA 8F');
insert  into `section`(`secid`,`sectionname`) values (36,'BBA Elective');
insert  into `section`(`secid`,`sectionname`) values (37,'BBA Open');
insert  into `section`(`secid`,`sectionname`) values (38,'BS/CS 2A');
insert  into `section`(`secid`,`sectionname`) values (39,'BS/CS 2B');
insert  into `section`(`secid`,`sectionname`) values (40,'BS/CS 2C');
insert  into `section`(`secid`,`sectionname`) values (41,'BS/CS 2D');
insert  into `section`(`secid`,`sectionname`) values (42,'BS/CS 2E');
insert  into `section`(`secid`,`sectionname`) values (43,'BS/CS 4A');
insert  into `section`(`secid`,`sectionname`) values (44,'BS/CS 4B');
insert  into `section`(`secid`,`sectionname`) values (45,'BS/CS 4C');
insert  into `section`(`secid`,`sectionname`) values (46,'BS/CS 4D');
insert  into `section`(`secid`,`sectionname`) values (47,'BS/CS 6A');
insert  into `section`(`secid`,`sectionname`) values (48,'BS/CS 6B');
insert  into `section`(`secid`,`sectionname`) values (49,'BS/CS 6C');
insert  into `section`(`secid`,`sectionname`) values (50,'BS/CS 6D');
insert  into `section`(`secid`,`sectionname`) values (51,'BS/CS 8A');
insert  into `section`(`secid`,`sectionname`) values (52,'BS/CS 8B');
insert  into `section`(`secid`,`sectionname`) values (53,'BS/CS 8C');
insert  into `section`(`secid`,`sectionname`) values (54,'BS/CS Elective');
insert  into `section`(`secid`,`sectionname`) values (55,'BS/CS Open');
insert  into `section`(`secid`,`sectionname`) values (56,'BEME 2A');
insert  into `section`(`secid`,`sectionname`) values (57,'BEME 2B');
insert  into `section`(`secid`,`sectionname`) values (58,'BEME 4A');
insert  into `section`(`secid`,`sectionname`) values (59,'BEME 4B');
insert  into `section`(`secid`,`sectionname`) values (60,'BEME 6A');
insert  into `section`(`secid`,`sectionname`) values (61,'BEME 6B');
insert  into `section`(`secid`,`sectionname`) values (62,'BEME 8A');
insert  into `section`(`secid`,`sectionname`) values (63,'BEME 8B');
insert  into `section`(`secid`,`sectionname`) values (64,'BEME Elective');
insert  into `section`(`secid`,`sectionname`) values (65,'BEME Open');
insert  into `section`(`secid`,`sectionname`) values (66,'BS Media 2A');
insert  into `section`(`secid`,`sectionname`) values (67,'BS Media 2B');
insert  into `section`(`secid`,`sectionname`) values (68,'BS Media 2C');
insert  into `section`(`secid`,`sectionname`) values (69,'BS Media 4A');
insert  into `section`(`secid`,`sectionname`) values (70,'BS Media 4B');
insert  into `section`(`secid`,`sectionname`) values (71,'BS Media 6A');
insert  into `section`(`secid`,`sectionname`) values (72,'BS Media 6B');
insert  into `section`(`secid`,`sectionname`) values (73,'BS Media 8A');
insert  into `section`(`secid`,`sectionname`) values (74,'BS Media 8B');
insert  into `section`(`secid`,`sectionname`) values (75,'BS Elective');
insert  into `section`(`secid`,`sectionname`) values (76,'BS(BIO) 1A');
insert  into `section`(`secid`,`sectionname`) values (77,'BS(BIO) 2A');
insert  into `section`(`secid`,`sectionname`) values (78,'BS(BIO) 3A');
insert  into `section`(`secid`,`sectionname`) values (79,'BS(BIO) 4A');
insert  into `section`(`secid`,`sectionname`) values (80,'BS(BIO) 5A');
insert  into `section`(`secid`,`sectionname`) values (81,'BS(BIO) 6A');
insert  into `section`(`secid`,`sectionname`) values (82,'BS(BIO) 7A');
insert  into `section`(`secid`,`sectionname`) values (83,'BS(BIO) 8A');
insert  into `section`(`secid`,`sectionname`) values (84,'BS(BIO) Elective');
insert  into `section`(`secid`,`sectionname`) values (85,'BS(SS) 2A');
insert  into `section`(`secid`,`sectionname`) values (86,'BS(SS) 2B');
insert  into `section`(`secid`,`sectionname`) values (87,'BS(SS) 2C');
insert  into `section`(`secid`,`sectionname`) values (88,'BS(SS) 4A');
insert  into `section`(`secid`,`sectionname`) values (89,'BS(SS) 4B');
insert  into `section`(`secid`,`sectionname`) values (90,'BS(SS) 6A');
insert  into `section`(`secid`,`sectionname`) values (91,'BS(SS) 6B');
insert  into `section`(`secid`,`sectionname`) values (92,'BS(SS) 8A');
insert  into `section`(`secid`,`sectionname`) values (93,'BS(SS) 8B');
insert  into `section`(`secid`,`sectionname`) values (94,'BS(SS) Elective');
insert  into `section`(`secid`,`sectionname`) values (95,'BS(SS) Open');
insert  into `section`(`secid`,`sectionname`) values (96,'EMBA(66) 2A');
insert  into `section`(`secid`,`sectionname`) values (97,'MBA Open');
insert  into `section`(`secid`,`sectionname`) values (98,'MBA Elective');
insert  into `section`(`secid`,`sectionname`) values (99,'MBA Open');
insert  into `section`(`secid`,`sectionname`) values (100,'MBA(36-D) 2C');
insert  into `section`(`secid`,`sectionname`) values (101,'MBA(36-E) 2D');
insert  into `section`(`secid`,`sectionname`) values (102,'MBA(36-E) 2E');
insert  into `section`(`secid`,`sectionname`) values (103,'MBA(36-E) 2F');
insert  into `section`(`secid`,`sectionname`) values (104,'MBA(36-E) 2G');
insert  into `section`(`secid`,`sectionname`) values (105,'MBA(36-E) 2H');
insert  into `section`(`secid`,`sectionname`) values (106,'MBA(36-E) 2I');
insert  into `section`(`secid`,`sectionname`) values (107,'MBA(36-E) 2J');
insert  into `section`(`secid`,`sectionname`) values (108,'MBA(36-E) 2K');
insert  into `section`(`secid`,`sectionname`) values (109,'MBA(72-E) 2A');
insert  into `section`(`secid`,`sectionname`) values (110,'MBA(72-E) 4A');
insert  into `section`(`secid`,`sectionname`) values (111,'MBA(72-E) Open');
insert  into `section`(`secid`,`sectionname`) values (112,'MBA(90-D) 2B');
insert  into `section`(`secid`,`sectionname`) values (113,'MBA(90-D) 4B');
insert  into `section`(`secid`,`sectionname`) values (114,'MBA(90-D) 6B');
insert  into `section`(`secid`,`sectionname`) values (115,'MBA(90-E) 2C');
insert  into `section`(`secid`,`sectionname`) values (116,'MBA(90-E) 4B');
insert  into `section`(`secid`,`sectionname`) values (117,'MBA(90-E) 6B');
insert  into `section`(`secid`,`sectionname`) values (118,'MBA(90-E) Open');
insert  into `section`(`secid`,`sectionname`) values (119,'MBA B&F 2A');
insert  into `section`(`secid`,`sectionname`) values (120,'MBA B&F(72) 4A');
insert  into `section`(`secid`,`sectionname`) values (121,'MoA-36 2A');
insert  into `section`(`secid`,`sectionname`) values (122,'MoA-36 4A');
insert  into `section`(`secid`,`sectionname`) values (123,'MPH 2A');
insert  into `section`(`secid`,`sectionname`) values (124,'MPM 2A');
insert  into `section`(`secid`,`sectionname`) values (125,'MPM Elective');
insert  into `section`(`secid`,`sectionname`) values (126,'MSBio 2A');
insert  into `section`(`secid`,`sectionname`) values (127,'MSCS 2A');
insert  into `section`(`secid`,`sectionname`) values (128,'MSCS Open');
insert  into `section`(`secid`,`sectionname`) values (129,'MSEC Open');
insert  into `section`(`secid`,`sectionname`) values (130,'MSELM 2A');
insert  into `section`(`secid`,`sectionname`) values (131,'MSIT Open');
insert  into `section`(`secid`,`sectionname`) values (132,'MSMD Open');
insert  into `section`(`secid`,`sectionname`) values (133,'MSMS Open');
insert  into `section`(`secid`,`sectionname`) values (134,'MSPM 2A');
insert  into `section`(`secid`,`sectionname`) values (135,'MSSE Open');
insert  into `section`(`secid`,`sectionname`) values (136,'MSSS Open');
insert  into `section`(`secid`,`sectionname`) values (137,'PhDCS Open');
insert  into `section`(`secid`,`sectionname`) values (138,'PhDEC Open');
insert  into `section`(`secid`,`sectionname`) values (139,'PhDELM 2A');
insert  into `section`(`secid`,`sectionname`) values (140,'PhDMS Open');
insert  into `section`(`secid`,`sectionname`) values (141,'PhDSS Open');

/*Table structure for table `sectiondetails` */

CREATE TABLE `sectiondetails` (
  `sdid` int(11) NOT NULL auto_increment,
  `offid` int(11) default NULL,
  `secid` int(11) default NULL,
  PRIMARY KEY  (`sdid`)
) ENGINE=MyISAM AUTO_INCREMENT=714 DEFAULT CHARSET=latin1;

/*Data for the table `sectiondetails` */

insert  into `sectiondetails`(`sdid`,`offid`,`secid`) values (1,1,1);
insert  into `sectiondetails`(`sdid`,`offid`,`secid`) values (2,2,1);
insert  into `sectiondetails`(`sdid`,`offid`,`secid`) values (3,3,1);
insert  into `sectiondetails`(`sdid`,`offid`,`secid`) values (4,4,1);
insert  into `sectiondetails`(`sdid`,`offid`,`secid`) values (5,5,1);
insert  into `sectiondetails`(`sdid`,`offid`,`secid`) values (6,6,1);
insert  into `sectiondetails`(`sdid`,`offid`,`secid`) values (7,7,2);
insert  into `sectiondetails`(`sdid`,`offid`,`secid`) values (8,8,2);
insert  into `sectiondetails`(`sdid`,`offid`,`secid`) values (9,9,2);
insert  into `sectiondetails`(`sdid`,`offid`,`secid`) values (10,10,2);
insert  into `sectiondetails`(`sdid`,`offid`,`secid`) values (11,11,2);
insert  into `sectiondetails`(`sdid`,`offid`,`secid`) values (12,12,2);
insert  into `sectiondetails`(`sdid`,`offid`,`secid`) values (13,13,3);
insert  into `sectiondetails`(`sdid`,`offid`,`secid`) values (14,14,3);
insert  into `sectiondetails`(`sdid`,`offid`,`secid`) values (15,15,3);
insert  into `sectiondetails`(`sdid`,`offid`,`secid`) values (16,16,3);
insert  into `sectiondetails`(`sdid`,`offid`,`secid`) values (17,17,3);
insert  into `sectiondetails`(`sdid`,`offid`,`secid`) values (18,18,3);
insert  into `sectiondetails`(`sdid`,`offid`,`secid`) values (19,19,4);
insert  into `sectiondetails`(`sdid`,`offid`,`secid`) values (20,20,4);
insert  into `sectiondetails`(`sdid`,`offid`,`secid`) values (21,21,4);
insert  into `sectiondetails`(`sdid`,`offid`,`secid`) values (22,22,4);
insert  into `sectiondetails`(`sdid`,`offid`,`secid`) values (23,23,4);
insert  into `sectiondetails`(`sdid`,`offid`,`secid`) values (24,24,4);
insert  into `sectiondetails`(`sdid`,`offid`,`secid`) values (25,25,5);
insert  into `sectiondetails`(`sdid`,`offid`,`secid`) values (26,26,5);
insert  into `sectiondetails`(`sdid`,`offid`,`secid`) values (27,27,5);
insert  into `sectiondetails`(`sdid`,`offid`,`secid`) values (28,28,5);
insert  into `sectiondetails`(`sdid`,`offid`,`secid`) values (29,29,5);
insert  into `sectiondetails`(`sdid`,`offid`,`secid`) values (30,30,5);
insert  into `sectiondetails`(`sdid`,`offid`,`secid`) values (31,31,6);
insert  into `sectiondetails`(`sdid`,`offid`,`secid`) values (32,32,6);
insert  into `sectiondetails`(`sdid`,`offid`,`secid`) values (33,33,6);
insert  into `sectiondetails`(`sdid`,`offid`,`secid`) values (34,34,6);
insert  into `sectiondetails`(`sdid`,`offid`,`secid`) values (35,35,6);
insert  into `sectiondetails`(`sdid`,`offid`,`secid`) values (36,36,6);
insert  into `sectiondetails`(`sdid`,`offid`,`secid`) values (37,37,7);
insert  into `sectiondetails`(`sdid`,`offid`,`secid`) values (38,38,7);
insert  into `sectiondetails`(`sdid`,`offid`,`secid`) values (39,39,7);
insert  into `sectiondetails`(`sdid`,`offid`,`secid`) values (40,40,7);
insert  into `sectiondetails`(`sdid`,`offid`,`secid`) values (41,41,7);
insert  into `sectiondetails`(`sdid`,`offid`,`secid`) values (42,42,7);
insert  into `sectiondetails`(`sdid`,`offid`,`secid`) values (43,43,8);
insert  into `sectiondetails`(`sdid`,`offid`,`secid`) values (44,44,8);
insert  into `sectiondetails`(`sdid`,`offid`,`secid`) values (45,45,8);
insert  into `sectiondetails`(`sdid`,`offid`,`secid`) values (46,46,8);
insert  into `sectiondetails`(`sdid`,`offid`,`secid`) values (47,47,8);
insert  into `sectiondetails`(`sdid`,`offid`,`secid`) values (48,48,8);
insert  into `sectiondetails`(`sdid`,`offid`,`secid`) values (49,49,9);
insert  into `sectiondetails`(`sdid`,`offid`,`secid`) values (50,50,9);
insert  into `sectiondetails`(`sdid`,`offid`,`secid`) values (51,51,9);
insert  into `sectiondetails`(`sdid`,`offid`,`secid`) values (52,52,9);
insert  into `sectiondetails`(`sdid`,`offid`,`secid`) values (53,53,9);
insert  into `sectiondetails`(`sdid`,`offid`,`secid`) values (54,54,10);
insert  into `sectiondetails`(`sdid`,`offid`,`secid`) values (55,55,10);
insert  into `sectiondetails`(`sdid`,`offid`,`secid`) values (56,56,10);
insert  into `sectiondetails`(`sdid`,`offid`,`secid`) values (57,57,10);
insert  into `sectiondetails`(`sdid`,`offid`,`secid`) values (58,58,10);
insert  into `sectiondetails`(`sdid`,`offid`,`secid`) values (59,59,11);
insert  into `sectiondetails`(`sdid`,`offid`,`secid`) values (60,60,11);
insert  into `sectiondetails`(`sdid`,`offid`,`secid`) values (61,61,11);
insert  into `sectiondetails`(`sdid`,`offid`,`secid`) values (62,62,11);
insert  into `sectiondetails`(`sdid`,`offid`,`secid`) values (63,63,11);
insert  into `sectiondetails`(`sdid`,`offid`,`secid`) values (64,64,12);
insert  into `sectiondetails`(`sdid`,`offid`,`secid`) values (65,65,12);
insert  into `sectiondetails`(`sdid`,`offid`,`secid`) values (66,66,12);
insert  into `sectiondetails`(`sdid`,`offid`,`secid`) values (67,67,12);
insert  into `sectiondetails`(`sdid`,`offid`,`secid`) values (68,68,12);
insert  into `sectiondetails`(`sdid`,`offid`,`secid`) values (69,69,13);
insert  into `sectiondetails`(`sdid`,`offid`,`secid`) values (70,70,13);
insert  into `sectiondetails`(`sdid`,`offid`,`secid`) values (71,71,14);
insert  into `sectiondetails`(`sdid`,`offid`,`secid`) values (72,72,14);
insert  into `sectiondetails`(`sdid`,`offid`,`secid`) values (73,73,14);
insert  into `sectiondetails`(`sdid`,`offid`,`secid`) values (74,74,14);
insert  into `sectiondetails`(`sdid`,`offid`,`secid`) values (75,75,14);
insert  into `sectiondetails`(`sdid`,`offid`,`secid`) values (76,76,14);
insert  into `sectiondetails`(`sdid`,`offid`,`secid`) values (77,77,15);
insert  into `sectiondetails`(`sdid`,`offid`,`secid`) values (78,78,15);
insert  into `sectiondetails`(`sdid`,`offid`,`secid`) values (79,79,15);
insert  into `sectiondetails`(`sdid`,`offid`,`secid`) values (80,80,15);
insert  into `sectiondetails`(`sdid`,`offid`,`secid`) values (81,81,15);
insert  into `sectiondetails`(`sdid`,`offid`,`secid`) values (82,82,15);
insert  into `sectiondetails`(`sdid`,`offid`,`secid`) values (83,83,16);
insert  into `sectiondetails`(`sdid`,`offid`,`secid`) values (84,84,16);
insert  into `sectiondetails`(`sdid`,`offid`,`secid`) values (85,85,16);
insert  into `sectiondetails`(`sdid`,`offid`,`secid`) values (86,86,16);
insert  into `sectiondetails`(`sdid`,`offid`,`secid`) values (87,87,16);
insert  into `sectiondetails`(`sdid`,`offid`,`secid`) values (88,88,16);
insert  into `sectiondetails`(`sdid`,`offid`,`secid`) values (89,89,17);
insert  into `sectiondetails`(`sdid`,`offid`,`secid`) values (90,90,17);
insert  into `sectiondetails`(`sdid`,`offid`,`secid`) values (91,91,17);
insert  into `sectiondetails`(`sdid`,`offid`,`secid`) values (92,92,17);
insert  into `sectiondetails`(`sdid`,`offid`,`secid`) values (93,93,17);
insert  into `sectiondetails`(`sdid`,`offid`,`secid`) values (94,94,17);
insert  into `sectiondetails`(`sdid`,`offid`,`secid`) values (95,95,18);
insert  into `sectiondetails`(`sdid`,`offid`,`secid`) values (96,96,18);
insert  into `sectiondetails`(`sdid`,`offid`,`secid`) values (97,97,18);
insert  into `sectiondetails`(`sdid`,`offid`,`secid`) values (98,98,18);
insert  into `sectiondetails`(`sdid`,`offid`,`secid`) values (99,99,18);
insert  into `sectiondetails`(`sdid`,`offid`,`secid`) values (100,100,18);
insert  into `sectiondetails`(`sdid`,`offid`,`secid`) values (101,101,19);
insert  into `sectiondetails`(`sdid`,`offid`,`secid`) values (102,102,20);
insert  into `sectiondetails`(`sdid`,`offid`,`secid`) values (103,103,20);
insert  into `sectiondetails`(`sdid`,`offid`,`secid`) values (104,104,20);
insert  into `sectiondetails`(`sdid`,`offid`,`secid`) values (105,105,20);
insert  into `sectiondetails`(`sdid`,`offid`,`secid`) values (106,106,20);
insert  into `sectiondetails`(`sdid`,`offid`,`secid`) values (107,107,20);
insert  into `sectiondetails`(`sdid`,`offid`,`secid`) values (108,108,21);
insert  into `sectiondetails`(`sdid`,`offid`,`secid`) values (109,109,21);
insert  into `sectiondetails`(`sdid`,`offid`,`secid`) values (110,110,21);
insert  into `sectiondetails`(`sdid`,`offid`,`secid`) values (111,111,21);
insert  into `sectiondetails`(`sdid`,`offid`,`secid`) values (112,112,21);
insert  into `sectiondetails`(`sdid`,`offid`,`secid`) values (113,113,21);
insert  into `sectiondetails`(`sdid`,`offid`,`secid`) values (114,114,22);
insert  into `sectiondetails`(`sdid`,`offid`,`secid`) values (115,115,22);
insert  into `sectiondetails`(`sdid`,`offid`,`secid`) values (116,116,22);
insert  into `sectiondetails`(`sdid`,`offid`,`secid`) values (117,117,22);
insert  into `sectiondetails`(`sdid`,`offid`,`secid`) values (118,118,22);
insert  into `sectiondetails`(`sdid`,`offid`,`secid`) values (119,119,22);
insert  into `sectiondetails`(`sdid`,`offid`,`secid`) values (120,120,23);
insert  into `sectiondetails`(`sdid`,`offid`,`secid`) values (121,121,23);
insert  into `sectiondetails`(`sdid`,`offid`,`secid`) values (122,122,23);
insert  into `sectiondetails`(`sdid`,`offid`,`secid`) values (123,123,23);
insert  into `sectiondetails`(`sdid`,`offid`,`secid`) values (124,124,23);
insert  into `sectiondetails`(`sdid`,`offid`,`secid`) values (125,125,23);
insert  into `sectiondetails`(`sdid`,`offid`,`secid`) values (126,126,24);
insert  into `sectiondetails`(`sdid`,`offid`,`secid`) values (127,127,24);
insert  into `sectiondetails`(`sdid`,`offid`,`secid`) values (128,128,24);
insert  into `sectiondetails`(`sdid`,`offid`,`secid`) values (129,129,24);
insert  into `sectiondetails`(`sdid`,`offid`,`secid`) values (130,130,24);
insert  into `sectiondetails`(`sdid`,`offid`,`secid`) values (131,131,24);
insert  into `sectiondetails`(`sdid`,`offid`,`secid`) values (132,132,25);
insert  into `sectiondetails`(`sdid`,`offid`,`secid`) values (133,133,25);
insert  into `sectiondetails`(`sdid`,`offid`,`secid`) values (134,134,25);
insert  into `sectiondetails`(`sdid`,`offid`,`secid`) values (135,135,25);
insert  into `sectiondetails`(`sdid`,`offid`,`secid`) values (136,136,25);
insert  into `sectiondetails`(`sdid`,`offid`,`secid`) values (137,137,25);
insert  into `sectiondetails`(`sdid`,`offid`,`secid`) values (138,138,26);
insert  into `sectiondetails`(`sdid`,`offid`,`secid`) values (139,139,26);
insert  into `sectiondetails`(`sdid`,`offid`,`secid`) values (140,140,26);
insert  into `sectiondetails`(`sdid`,`offid`,`secid`) values (141,141,26);
insert  into `sectiondetails`(`sdid`,`offid`,`secid`) values (142,142,26);
insert  into `sectiondetails`(`sdid`,`offid`,`secid`) values (143,143,26);
insert  into `sectiondetails`(`sdid`,`offid`,`secid`) values (144,144,27);
insert  into `sectiondetails`(`sdid`,`offid`,`secid`) values (145,145,27);
insert  into `sectiondetails`(`sdid`,`offid`,`secid`) values (146,146,27);
insert  into `sectiondetails`(`sdid`,`offid`,`secid`) values (147,147,27);
insert  into `sectiondetails`(`sdid`,`offid`,`secid`) values (148,148,27);
insert  into `sectiondetails`(`sdid`,`offid`,`secid`) values (149,149,27);
insert  into `sectiondetails`(`sdid`,`offid`,`secid`) values (150,150,28);
insert  into `sectiondetails`(`sdid`,`offid`,`secid`) values (151,151,28);
insert  into `sectiondetails`(`sdid`,`offid`,`secid`) values (152,152,28);
insert  into `sectiondetails`(`sdid`,`offid`,`secid`) values (153,153,28);
insert  into `sectiondetails`(`sdid`,`offid`,`secid`) values (154,154,28);
insert  into `sectiondetails`(`sdid`,`offid`,`secid`) values (155,155,28);
insert  into `sectiondetails`(`sdid`,`offid`,`secid`) values (156,156,29);
insert  into `sectiondetails`(`sdid`,`offid`,`secid`) values (157,157,29);
insert  into `sectiondetails`(`sdid`,`offid`,`secid`) values (158,158,29);
insert  into `sectiondetails`(`sdid`,`offid`,`secid`) values (159,159,29);
insert  into `sectiondetails`(`sdid`,`offid`,`secid`) values (160,160,29);
insert  into `sectiondetails`(`sdid`,`offid`,`secid`) values (161,161,29);
insert  into `sectiondetails`(`sdid`,`offid`,`secid`) values (162,162,30);
insert  into `sectiondetails`(`sdid`,`offid`,`secid`) values (163,163,30);
insert  into `sectiondetails`(`sdid`,`offid`,`secid`) values (164,164,30);
insert  into `sectiondetails`(`sdid`,`offid`,`secid`) values (165,165,31);
insert  into `sectiondetails`(`sdid`,`offid`,`secid`) values (166,166,31);
insert  into `sectiondetails`(`sdid`,`offid`,`secid`) values (167,167,31);
insert  into `sectiondetails`(`sdid`,`offid`,`secid`) values (168,168,32);
insert  into `sectiondetails`(`sdid`,`offid`,`secid`) values (169,169,32);
insert  into `sectiondetails`(`sdid`,`offid`,`secid`) values (170,170,32);
insert  into `sectiondetails`(`sdid`,`offid`,`secid`) values (171,171,33);
insert  into `sectiondetails`(`sdid`,`offid`,`secid`) values (172,172,33);
insert  into `sectiondetails`(`sdid`,`offid`,`secid`) values (173,173,33);
insert  into `sectiondetails`(`sdid`,`offid`,`secid`) values (174,174,34);
insert  into `sectiondetails`(`sdid`,`offid`,`secid`) values (175,175,34);
insert  into `sectiondetails`(`sdid`,`offid`,`secid`) values (176,176,34);
insert  into `sectiondetails`(`sdid`,`offid`,`secid`) values (177,177,35);
insert  into `sectiondetails`(`sdid`,`offid`,`secid`) values (178,178,35);
insert  into `sectiondetails`(`sdid`,`offid`,`secid`) values (179,179,35);
insert  into `sectiondetails`(`sdid`,`offid`,`secid`) values (180,180,36);
insert  into `sectiondetails`(`sdid`,`offid`,`secid`) values (181,181,36);
insert  into `sectiondetails`(`sdid`,`offid`,`secid`) values (182,182,36);
insert  into `sectiondetails`(`sdid`,`offid`,`secid`) values (183,183,36);
insert  into `sectiondetails`(`sdid`,`offid`,`secid`) values (184,184,36);
insert  into `sectiondetails`(`sdid`,`offid`,`secid`) values (185,185,36);
insert  into `sectiondetails`(`sdid`,`offid`,`secid`) values (186,186,36);
insert  into `sectiondetails`(`sdid`,`offid`,`secid`) values (187,187,36);
insert  into `sectiondetails`(`sdid`,`offid`,`secid`) values (188,188,36);
insert  into `sectiondetails`(`sdid`,`offid`,`secid`) values (189,189,37);
insert  into `sectiondetails`(`sdid`,`offid`,`secid`) values (190,190,37);
insert  into `sectiondetails`(`sdid`,`offid`,`secid`) values (191,191,37);
insert  into `sectiondetails`(`sdid`,`offid`,`secid`) values (192,192,37);
insert  into `sectiondetails`(`sdid`,`offid`,`secid`) values (193,193,37);
insert  into `sectiondetails`(`sdid`,`offid`,`secid`) values (194,194,37);
insert  into `sectiondetails`(`sdid`,`offid`,`secid`) values (195,195,37);
insert  into `sectiondetails`(`sdid`,`offid`,`secid`) values (196,196,37);
insert  into `sectiondetails`(`sdid`,`offid`,`secid`) values (197,197,37);
insert  into `sectiondetails`(`sdid`,`offid`,`secid`) values (198,198,38);
insert  into `sectiondetails`(`sdid`,`offid`,`secid`) values (199,199,38);
insert  into `sectiondetails`(`sdid`,`offid`,`secid`) values (200,200,38);
insert  into `sectiondetails`(`sdid`,`offid`,`secid`) values (201,201,38);
insert  into `sectiondetails`(`sdid`,`offid`,`secid`) values (202,202,38);
insert  into `sectiondetails`(`sdid`,`offid`,`secid`) values (203,203,38);
insert  into `sectiondetails`(`sdid`,`offid`,`secid`) values (204,204,39);
insert  into `sectiondetails`(`sdid`,`offid`,`secid`) values (205,205,39);
insert  into `sectiondetails`(`sdid`,`offid`,`secid`) values (206,206,39);
insert  into `sectiondetails`(`sdid`,`offid`,`secid`) values (207,207,39);
insert  into `sectiondetails`(`sdid`,`offid`,`secid`) values (208,208,39);
insert  into `sectiondetails`(`sdid`,`offid`,`secid`) values (209,209,39);
insert  into `sectiondetails`(`sdid`,`offid`,`secid`) values (210,210,40);
insert  into `sectiondetails`(`sdid`,`offid`,`secid`) values (211,211,40);
insert  into `sectiondetails`(`sdid`,`offid`,`secid`) values (212,212,40);
insert  into `sectiondetails`(`sdid`,`offid`,`secid`) values (213,213,40);
insert  into `sectiondetails`(`sdid`,`offid`,`secid`) values (214,214,40);
insert  into `sectiondetails`(`sdid`,`offid`,`secid`) values (215,215,40);
insert  into `sectiondetails`(`sdid`,`offid`,`secid`) values (216,216,41);
insert  into `sectiondetails`(`sdid`,`offid`,`secid`) values (217,217,41);
insert  into `sectiondetails`(`sdid`,`offid`,`secid`) values (218,218,41);
insert  into `sectiondetails`(`sdid`,`offid`,`secid`) values (219,219,41);
insert  into `sectiondetails`(`sdid`,`offid`,`secid`) values (220,220,41);
insert  into `sectiondetails`(`sdid`,`offid`,`secid`) values (221,221,41);
insert  into `sectiondetails`(`sdid`,`offid`,`secid`) values (222,222,42);
insert  into `sectiondetails`(`sdid`,`offid`,`secid`) values (223,223,42);
insert  into `sectiondetails`(`sdid`,`offid`,`secid`) values (224,224,42);
insert  into `sectiondetails`(`sdid`,`offid`,`secid`) values (225,225,42);
insert  into `sectiondetails`(`sdid`,`offid`,`secid`) values (226,226,42);
insert  into `sectiondetails`(`sdid`,`offid`,`secid`) values (227,227,42);
insert  into `sectiondetails`(`sdid`,`offid`,`secid`) values (228,228,43);
insert  into `sectiondetails`(`sdid`,`offid`,`secid`) values (229,229,43);
insert  into `sectiondetails`(`sdid`,`offid`,`secid`) values (230,230,43);
insert  into `sectiondetails`(`sdid`,`offid`,`secid`) values (231,231,43);
insert  into `sectiondetails`(`sdid`,`offid`,`secid`) values (232,232,43);
insert  into `sectiondetails`(`sdid`,`offid`,`secid`) values (233,233,43);
insert  into `sectiondetails`(`sdid`,`offid`,`secid`) values (234,234,43);
insert  into `sectiondetails`(`sdid`,`offid`,`secid`) values (235,235,43);
insert  into `sectiondetails`(`sdid`,`offid`,`secid`) values (236,236,44);
insert  into `sectiondetails`(`sdid`,`offid`,`secid`) values (237,237,44);
insert  into `sectiondetails`(`sdid`,`offid`,`secid`) values (238,238,44);
insert  into `sectiondetails`(`sdid`,`offid`,`secid`) values (239,239,44);
insert  into `sectiondetails`(`sdid`,`offid`,`secid`) values (240,240,44);
insert  into `sectiondetails`(`sdid`,`offid`,`secid`) values (241,241,44);
insert  into `sectiondetails`(`sdid`,`offid`,`secid`) values (242,242,44);
insert  into `sectiondetails`(`sdid`,`offid`,`secid`) values (243,243,44);
insert  into `sectiondetails`(`sdid`,`offid`,`secid`) values (244,244,45);
insert  into `sectiondetails`(`sdid`,`offid`,`secid`) values (245,245,45);
insert  into `sectiondetails`(`sdid`,`offid`,`secid`) values (246,246,45);
insert  into `sectiondetails`(`sdid`,`offid`,`secid`) values (247,247,45);
insert  into `sectiondetails`(`sdid`,`offid`,`secid`) values (248,248,45);
insert  into `sectiondetails`(`sdid`,`offid`,`secid`) values (249,249,45);
insert  into `sectiondetails`(`sdid`,`offid`,`secid`) values (250,250,45);
insert  into `sectiondetails`(`sdid`,`offid`,`secid`) values (251,251,45);
insert  into `sectiondetails`(`sdid`,`offid`,`secid`) values (252,252,46);
insert  into `sectiondetails`(`sdid`,`offid`,`secid`) values (253,253,46);
insert  into `sectiondetails`(`sdid`,`offid`,`secid`) values (254,254,46);
insert  into `sectiondetails`(`sdid`,`offid`,`secid`) values (255,255,46);
insert  into `sectiondetails`(`sdid`,`offid`,`secid`) values (256,256,46);
insert  into `sectiondetails`(`sdid`,`offid`,`secid`) values (257,257,46);
insert  into `sectiondetails`(`sdid`,`offid`,`secid`) values (258,258,46);
insert  into `sectiondetails`(`sdid`,`offid`,`secid`) values (259,259,46);
insert  into `sectiondetails`(`sdid`,`offid`,`secid`) values (260,260,47);
insert  into `sectiondetails`(`sdid`,`offid`,`secid`) values (261,261,47);
insert  into `sectiondetails`(`sdid`,`offid`,`secid`) values (262,262,47);
insert  into `sectiondetails`(`sdid`,`offid`,`secid`) values (263,263,47);
insert  into `sectiondetails`(`sdid`,`offid`,`secid`) values (264,264,47);
insert  into `sectiondetails`(`sdid`,`offid`,`secid`) values (265,265,48);
insert  into `sectiondetails`(`sdid`,`offid`,`secid`) values (266,266,48);
insert  into `sectiondetails`(`sdid`,`offid`,`secid`) values (267,267,48);
insert  into `sectiondetails`(`sdid`,`offid`,`secid`) values (268,268,48);
insert  into `sectiondetails`(`sdid`,`offid`,`secid`) values (269,269,48);
insert  into `sectiondetails`(`sdid`,`offid`,`secid`) values (270,270,49);
insert  into `sectiondetails`(`sdid`,`offid`,`secid`) values (271,271,49);
insert  into `sectiondetails`(`sdid`,`offid`,`secid`) values (272,272,49);
insert  into `sectiondetails`(`sdid`,`offid`,`secid`) values (273,273,49);
insert  into `sectiondetails`(`sdid`,`offid`,`secid`) values (274,274,49);
insert  into `sectiondetails`(`sdid`,`offid`,`secid`) values (275,275,50);
insert  into `sectiondetails`(`sdid`,`offid`,`secid`) values (276,276,50);
insert  into `sectiondetails`(`sdid`,`offid`,`secid`) values (277,277,50);
insert  into `sectiondetails`(`sdid`,`offid`,`secid`) values (278,278,50);
insert  into `sectiondetails`(`sdid`,`offid`,`secid`) values (279,279,50);
insert  into `sectiondetails`(`sdid`,`offid`,`secid`) values (280,280,51);
insert  into `sectiondetails`(`sdid`,`offid`,`secid`) values (281,281,51);
insert  into `sectiondetails`(`sdid`,`offid`,`secid`) values (282,282,52);
insert  into `sectiondetails`(`sdid`,`offid`,`secid`) values (283,283,52);
insert  into `sectiondetails`(`sdid`,`offid`,`secid`) values (284,284,53);
insert  into `sectiondetails`(`sdid`,`offid`,`secid`) values (285,285,53);
insert  into `sectiondetails`(`sdid`,`offid`,`secid`) values (286,286,54);
insert  into `sectiondetails`(`sdid`,`offid`,`secid`) values (287,287,54);
insert  into `sectiondetails`(`sdid`,`offid`,`secid`) values (288,288,54);
insert  into `sectiondetails`(`sdid`,`offid`,`secid`) values (289,289,54);
insert  into `sectiondetails`(`sdid`,`offid`,`secid`) values (290,290,54);
insert  into `sectiondetails`(`sdid`,`offid`,`secid`) values (291,291,55);
insert  into `sectiondetails`(`sdid`,`offid`,`secid`) values (292,292,55);
insert  into `sectiondetails`(`sdid`,`offid`,`secid`) values (293,293,55);
insert  into `sectiondetails`(`sdid`,`offid`,`secid`) values (294,294,55);
insert  into `sectiondetails`(`sdid`,`offid`,`secid`) values (295,295,55);
insert  into `sectiondetails`(`sdid`,`offid`,`secid`) values (296,296,56);
insert  into `sectiondetails`(`sdid`,`offid`,`secid`) values (297,297,56);
insert  into `sectiondetails`(`sdid`,`offid`,`secid`) values (298,298,56);
insert  into `sectiondetails`(`sdid`,`offid`,`secid`) values (299,299,56);
insert  into `sectiondetails`(`sdid`,`offid`,`secid`) values (300,300,56);
insert  into `sectiondetails`(`sdid`,`offid`,`secid`) values (301,301,56);
insert  into `sectiondetails`(`sdid`,`offid`,`secid`) values (302,302,56);
insert  into `sectiondetails`(`sdid`,`offid`,`secid`) values (303,303,56);
insert  into `sectiondetails`(`sdid`,`offid`,`secid`) values (304,304,57);
insert  into `sectiondetails`(`sdid`,`offid`,`secid`) values (305,305,57);
insert  into `sectiondetails`(`sdid`,`offid`,`secid`) values (306,306,57);
insert  into `sectiondetails`(`sdid`,`offid`,`secid`) values (307,307,57);
insert  into `sectiondetails`(`sdid`,`offid`,`secid`) values (308,308,57);
insert  into `sectiondetails`(`sdid`,`offid`,`secid`) values (309,309,57);
insert  into `sectiondetails`(`sdid`,`offid`,`secid`) values (310,310,57);
insert  into `sectiondetails`(`sdid`,`offid`,`secid`) values (311,311,57);
insert  into `sectiondetails`(`sdid`,`offid`,`secid`) values (312,312,58);
insert  into `sectiondetails`(`sdid`,`offid`,`secid`) values (313,313,58);
insert  into `sectiondetails`(`sdid`,`offid`,`secid`) values (314,314,58);
insert  into `sectiondetails`(`sdid`,`offid`,`secid`) values (315,315,58);
insert  into `sectiondetails`(`sdid`,`offid`,`secid`) values (316,316,58);
insert  into `sectiondetails`(`sdid`,`offid`,`secid`) values (317,317,58);
insert  into `sectiondetails`(`sdid`,`offid`,`secid`) values (318,318,58);
insert  into `sectiondetails`(`sdid`,`offid`,`secid`) values (319,319,58);
insert  into `sectiondetails`(`sdid`,`offid`,`secid`) values (320,320,58);
insert  into `sectiondetails`(`sdid`,`offid`,`secid`) values (321,321,59);
insert  into `sectiondetails`(`sdid`,`offid`,`secid`) values (322,322,59);
insert  into `sectiondetails`(`sdid`,`offid`,`secid`) values (323,323,59);
insert  into `sectiondetails`(`sdid`,`offid`,`secid`) values (324,324,59);
insert  into `sectiondetails`(`sdid`,`offid`,`secid`) values (325,325,59);
insert  into `sectiondetails`(`sdid`,`offid`,`secid`) values (326,326,59);
insert  into `sectiondetails`(`sdid`,`offid`,`secid`) values (327,327,59);
insert  into `sectiondetails`(`sdid`,`offid`,`secid`) values (328,328,59);
insert  into `sectiondetails`(`sdid`,`offid`,`secid`) values (329,329,59);
insert  into `sectiondetails`(`sdid`,`offid`,`secid`) values (330,330,60);
insert  into `sectiondetails`(`sdid`,`offid`,`secid`) values (331,331,60);
insert  into `sectiondetails`(`sdid`,`offid`,`secid`) values (332,332,60);
insert  into `sectiondetails`(`sdid`,`offid`,`secid`) values (333,333,60);
insert  into `sectiondetails`(`sdid`,`offid`,`secid`) values (334,334,60);
insert  into `sectiondetails`(`sdid`,`offid`,`secid`) values (335,335,60);
insert  into `sectiondetails`(`sdid`,`offid`,`secid`) values (336,336,60);
insert  into `sectiondetails`(`sdid`,`offid`,`secid`) values (337,337,60);
insert  into `sectiondetails`(`sdid`,`offid`,`secid`) values (338,338,61);
insert  into `sectiondetails`(`sdid`,`offid`,`secid`) values (339,339,61);
insert  into `sectiondetails`(`sdid`,`offid`,`secid`) values (340,340,61);
insert  into `sectiondetails`(`sdid`,`offid`,`secid`) values (341,341,61);
insert  into `sectiondetails`(`sdid`,`offid`,`secid`) values (342,342,61);
insert  into `sectiondetails`(`sdid`,`offid`,`secid`) values (343,343,61);
insert  into `sectiondetails`(`sdid`,`offid`,`secid`) values (344,344,61);
insert  into `sectiondetails`(`sdid`,`offid`,`secid`) values (345,345,61);
insert  into `sectiondetails`(`sdid`,`offid`,`secid`) values (346,346,62);
insert  into `sectiondetails`(`sdid`,`offid`,`secid`) values (347,347,62);
insert  into `sectiondetails`(`sdid`,`offid`,`secid`) values (348,348,62);
insert  into `sectiondetails`(`sdid`,`offid`,`secid`) values (349,349,62);
insert  into `sectiondetails`(`sdid`,`offid`,`secid`) values (350,350,62);
insert  into `sectiondetails`(`sdid`,`offid`,`secid`) values (351,351,63);
insert  into `sectiondetails`(`sdid`,`offid`,`secid`) values (352,352,63);
insert  into `sectiondetails`(`sdid`,`offid`,`secid`) values (353,353,63);
insert  into `sectiondetails`(`sdid`,`offid`,`secid`) values (354,354,63);
insert  into `sectiondetails`(`sdid`,`offid`,`secid`) values (355,355,63);
insert  into `sectiondetails`(`sdid`,`offid`,`secid`) values (356,356,64);
insert  into `sectiondetails`(`sdid`,`offid`,`secid`) values (357,357,64);
insert  into `sectiondetails`(`sdid`,`offid`,`secid`) values (358,358,64);
insert  into `sectiondetails`(`sdid`,`offid`,`secid`) values (359,359,65);
insert  into `sectiondetails`(`sdid`,`offid`,`secid`) values (360,360,65);
insert  into `sectiondetails`(`sdid`,`offid`,`secid`) values (361,361,65);
insert  into `sectiondetails`(`sdid`,`offid`,`secid`) values (362,362,65);
insert  into `sectiondetails`(`sdid`,`offid`,`secid`) values (363,363,65);
insert  into `sectiondetails`(`sdid`,`offid`,`secid`) values (364,364,65);
insert  into `sectiondetails`(`sdid`,`offid`,`secid`) values (365,365,65);
insert  into `sectiondetails`(`sdid`,`offid`,`secid`) values (366,366,65);
insert  into `sectiondetails`(`sdid`,`offid`,`secid`) values (367,367,65);
insert  into `sectiondetails`(`sdid`,`offid`,`secid`) values (368,368,65);
insert  into `sectiondetails`(`sdid`,`offid`,`secid`) values (369,369,65);
insert  into `sectiondetails`(`sdid`,`offid`,`secid`) values (370,370,65);
insert  into `sectiondetails`(`sdid`,`offid`,`secid`) values (371,371,65);
insert  into `sectiondetails`(`sdid`,`offid`,`secid`) values (372,372,65);
insert  into `sectiondetails`(`sdid`,`offid`,`secid`) values (373,373,65);
insert  into `sectiondetails`(`sdid`,`offid`,`secid`) values (374,374,65);
insert  into `sectiondetails`(`sdid`,`offid`,`secid`) values (375,375,65);
insert  into `sectiondetails`(`sdid`,`offid`,`secid`) values (376,376,65);
insert  into `sectiondetails`(`sdid`,`offid`,`secid`) values (377,377,66);
insert  into `sectiondetails`(`sdid`,`offid`,`secid`) values (378,378,66);
insert  into `sectiondetails`(`sdid`,`offid`,`secid`) values (379,379,66);
insert  into `sectiondetails`(`sdid`,`offid`,`secid`) values (380,380,66);
insert  into `sectiondetails`(`sdid`,`offid`,`secid`) values (381,381,66);
insert  into `sectiondetails`(`sdid`,`offid`,`secid`) values (382,382,66);
insert  into `sectiondetails`(`sdid`,`offid`,`secid`) values (383,383,67);
insert  into `sectiondetails`(`sdid`,`offid`,`secid`) values (384,384,67);
insert  into `sectiondetails`(`sdid`,`offid`,`secid`) values (385,385,67);
insert  into `sectiondetails`(`sdid`,`offid`,`secid`) values (386,386,67);
insert  into `sectiondetails`(`sdid`,`offid`,`secid`) values (387,387,67);
insert  into `sectiondetails`(`sdid`,`offid`,`secid`) values (388,388,67);
insert  into `sectiondetails`(`sdid`,`offid`,`secid`) values (389,389,68);
insert  into `sectiondetails`(`sdid`,`offid`,`secid`) values (390,390,68);
insert  into `sectiondetails`(`sdid`,`offid`,`secid`) values (391,391,68);
insert  into `sectiondetails`(`sdid`,`offid`,`secid`) values (392,392,68);
insert  into `sectiondetails`(`sdid`,`offid`,`secid`) values (393,393,68);
insert  into `sectiondetails`(`sdid`,`offid`,`secid`) values (394,394,68);
insert  into `sectiondetails`(`sdid`,`offid`,`secid`) values (395,395,69);
insert  into `sectiondetails`(`sdid`,`offid`,`secid`) values (396,396,69);
insert  into `sectiondetails`(`sdid`,`offid`,`secid`) values (397,397,69);
insert  into `sectiondetails`(`sdid`,`offid`,`secid`) values (398,398,69);
insert  into `sectiondetails`(`sdid`,`offid`,`secid`) values (399,399,69);
insert  into `sectiondetails`(`sdid`,`offid`,`secid`) values (400,400,69);
insert  into `sectiondetails`(`sdid`,`offid`,`secid`) values (401,401,70);
insert  into `sectiondetails`(`sdid`,`offid`,`secid`) values (402,402,70);
insert  into `sectiondetails`(`sdid`,`offid`,`secid`) values (403,403,70);
insert  into `sectiondetails`(`sdid`,`offid`,`secid`) values (404,404,70);
insert  into `sectiondetails`(`sdid`,`offid`,`secid`) values (405,405,70);
insert  into `sectiondetails`(`sdid`,`offid`,`secid`) values (406,406,70);
insert  into `sectiondetails`(`sdid`,`offid`,`secid`) values (407,407,71);
insert  into `sectiondetails`(`sdid`,`offid`,`secid`) values (408,408,71);
insert  into `sectiondetails`(`sdid`,`offid`,`secid`) values (409,409,72);
insert  into `sectiondetails`(`sdid`,`offid`,`secid`) values (410,410,72);
insert  into `sectiondetails`(`sdid`,`offid`,`secid`) values (411,411,73);
insert  into `sectiondetails`(`sdid`,`offid`,`secid`) values (412,412,73);
insert  into `sectiondetails`(`sdid`,`offid`,`secid`) values (413,413,73);
insert  into `sectiondetails`(`sdid`,`offid`,`secid`) values (414,414,74);
insert  into `sectiondetails`(`sdid`,`offid`,`secid`) values (415,415,74);
insert  into `sectiondetails`(`sdid`,`offid`,`secid`) values (416,416,74);
insert  into `sectiondetails`(`sdid`,`offid`,`secid`) values (417,417,75);
insert  into `sectiondetails`(`sdid`,`offid`,`secid`) values (418,418,75);
insert  into `sectiondetails`(`sdid`,`offid`,`secid`) values (419,419,75);
insert  into `sectiondetails`(`sdid`,`offid`,`secid`) values (420,420,75);
insert  into `sectiondetails`(`sdid`,`offid`,`secid`) values (421,421,75);
insert  into `sectiondetails`(`sdid`,`offid`,`secid`) values (422,422,75);
insert  into `sectiondetails`(`sdid`,`offid`,`secid`) values (423,423,75);
insert  into `sectiondetails`(`sdid`,`offid`,`secid`) values (424,424,75);
insert  into `sectiondetails`(`sdid`,`offid`,`secid`) values (425,425,75);
insert  into `sectiondetails`(`sdid`,`offid`,`secid`) values (426,426,75);
insert  into `sectiondetails`(`sdid`,`offid`,`secid`) values (427,427,75);
insert  into `sectiondetails`(`sdid`,`offid`,`secid`) values (428,428,75);
insert  into `sectiondetails`(`sdid`,`offid`,`secid`) values (429,429,75);
insert  into `sectiondetails`(`sdid`,`offid`,`secid`) values (430,430,76);
insert  into `sectiondetails`(`sdid`,`offid`,`secid`) values (431,431,76);
insert  into `sectiondetails`(`sdid`,`offid`,`secid`) values (432,432,76);
insert  into `sectiondetails`(`sdid`,`offid`,`secid`) values (433,433,76);
insert  into `sectiondetails`(`sdid`,`offid`,`secid`) values (434,434,76);
insert  into `sectiondetails`(`sdid`,`offid`,`secid`) values (435,435,77);
insert  into `sectiondetails`(`sdid`,`offid`,`secid`) values (436,436,77);
insert  into `sectiondetails`(`sdid`,`offid`,`secid`) values (437,437,77);
insert  into `sectiondetails`(`sdid`,`offid`,`secid`) values (438,438,77);
insert  into `sectiondetails`(`sdid`,`offid`,`secid`) values (439,439,77);
insert  into `sectiondetails`(`sdid`,`offid`,`secid`) values (440,440,77);
insert  into `sectiondetails`(`sdid`,`offid`,`secid`) values (441,441,78);
insert  into `sectiondetails`(`sdid`,`offid`,`secid`) values (442,442,78);
insert  into `sectiondetails`(`sdid`,`offid`,`secid`) values (443,443,78);
insert  into `sectiondetails`(`sdid`,`offid`,`secid`) values (444,444,78);
insert  into `sectiondetails`(`sdid`,`offid`,`secid`) values (445,445,78);
insert  into `sectiondetails`(`sdid`,`offid`,`secid`) values (446,446,78);
insert  into `sectiondetails`(`sdid`,`offid`,`secid`) values (447,447,79);
insert  into `sectiondetails`(`sdid`,`offid`,`secid`) values (448,448,79);
insert  into `sectiondetails`(`sdid`,`offid`,`secid`) values (449,449,79);
insert  into `sectiondetails`(`sdid`,`offid`,`secid`) values (450,450,79);
insert  into `sectiondetails`(`sdid`,`offid`,`secid`) values (451,451,79);
insert  into `sectiondetails`(`sdid`,`offid`,`secid`) values (452,452,80);
insert  into `sectiondetails`(`sdid`,`offid`,`secid`) values (453,453,80);
insert  into `sectiondetails`(`sdid`,`offid`,`secid`) values (454,454,80);
insert  into `sectiondetails`(`sdid`,`offid`,`secid`) values (455,455,80);
insert  into `sectiondetails`(`sdid`,`offid`,`secid`) values (456,456,80);
insert  into `sectiondetails`(`sdid`,`offid`,`secid`) values (457,457,81);
insert  into `sectiondetails`(`sdid`,`offid`,`secid`) values (458,458,81);
insert  into `sectiondetails`(`sdid`,`offid`,`secid`) values (459,459,81);
insert  into `sectiondetails`(`sdid`,`offid`,`secid`) values (460,460,81);
insert  into `sectiondetails`(`sdid`,`offid`,`secid`) values (461,461,81);
insert  into `sectiondetails`(`sdid`,`offid`,`secid`) values (462,462,82);
insert  into `sectiondetails`(`sdid`,`offid`,`secid`) values (463,463,82);
insert  into `sectiondetails`(`sdid`,`offid`,`secid`) values (464,464,82);
insert  into `sectiondetails`(`sdid`,`offid`,`secid`) values (465,465,82);
insert  into `sectiondetails`(`sdid`,`offid`,`secid`) values (466,466,83);
insert  into `sectiondetails`(`sdid`,`offid`,`secid`) values (467,467,83);
insert  into `sectiondetails`(`sdid`,`offid`,`secid`) values (468,468,83);
insert  into `sectiondetails`(`sdid`,`offid`,`secid`) values (469,469,83);
insert  into `sectiondetails`(`sdid`,`offid`,`secid`) values (470,470,83);
insert  into `sectiondetails`(`sdid`,`offid`,`secid`) values (471,471,84);
insert  into `sectiondetails`(`sdid`,`offid`,`secid`) values (472,472,84);
insert  into `sectiondetails`(`sdid`,`offid`,`secid`) values (473,473,84);
insert  into `sectiondetails`(`sdid`,`offid`,`secid`) values (474,474,84);
insert  into `sectiondetails`(`sdid`,`offid`,`secid`) values (475,475,85);
insert  into `sectiondetails`(`sdid`,`offid`,`secid`) values (476,476,85);
insert  into `sectiondetails`(`sdid`,`offid`,`secid`) values (477,477,85);
insert  into `sectiondetails`(`sdid`,`offid`,`secid`) values (478,478,85);
insert  into `sectiondetails`(`sdid`,`offid`,`secid`) values (479,479,85);
insert  into `sectiondetails`(`sdid`,`offid`,`secid`) values (480,480,85);
insert  into `sectiondetails`(`sdid`,`offid`,`secid`) values (481,481,86);
insert  into `sectiondetails`(`sdid`,`offid`,`secid`) values (482,482,86);
insert  into `sectiondetails`(`sdid`,`offid`,`secid`) values (483,483,86);
insert  into `sectiondetails`(`sdid`,`offid`,`secid`) values (484,484,86);
insert  into `sectiondetails`(`sdid`,`offid`,`secid`) values (485,485,86);
insert  into `sectiondetails`(`sdid`,`offid`,`secid`) values (486,486,86);
insert  into `sectiondetails`(`sdid`,`offid`,`secid`) values (487,487,87);
insert  into `sectiondetails`(`sdid`,`offid`,`secid`) values (488,488,87);
insert  into `sectiondetails`(`sdid`,`offid`,`secid`) values (489,489,87);
insert  into `sectiondetails`(`sdid`,`offid`,`secid`) values (490,490,87);
insert  into `sectiondetails`(`sdid`,`offid`,`secid`) values (491,491,87);
insert  into `sectiondetails`(`sdid`,`offid`,`secid`) values (492,492,87);
insert  into `sectiondetails`(`sdid`,`offid`,`secid`) values (493,493,88);
insert  into `sectiondetails`(`sdid`,`offid`,`secid`) values (494,494,88);
insert  into `sectiondetails`(`sdid`,`offid`,`secid`) values (495,495,88);
insert  into `sectiondetails`(`sdid`,`offid`,`secid`) values (496,496,88);
insert  into `sectiondetails`(`sdid`,`offid`,`secid`) values (497,497,88);
insert  into `sectiondetails`(`sdid`,`offid`,`secid`) values (498,498,88);
insert  into `sectiondetails`(`sdid`,`offid`,`secid`) values (499,499,89);
insert  into `sectiondetails`(`sdid`,`offid`,`secid`) values (500,500,89);
insert  into `sectiondetails`(`sdid`,`offid`,`secid`) values (501,501,89);
insert  into `sectiondetails`(`sdid`,`offid`,`secid`) values (502,502,89);
insert  into `sectiondetails`(`sdid`,`offid`,`secid`) values (503,503,89);
insert  into `sectiondetails`(`sdid`,`offid`,`secid`) values (504,504,89);
insert  into `sectiondetails`(`sdid`,`offid`,`secid`) values (505,505,90);
insert  into `sectiondetails`(`sdid`,`offid`,`secid`) values (506,506,90);
insert  into `sectiondetails`(`sdid`,`offid`,`secid`) values (507,507,90);
insert  into `sectiondetails`(`sdid`,`offid`,`secid`) values (508,508,91);
insert  into `sectiondetails`(`sdid`,`offid`,`secid`) values (509,509,91);
insert  into `sectiondetails`(`sdid`,`offid`,`secid`) values (510,510,91);
insert  into `sectiondetails`(`sdid`,`offid`,`secid`) values (511,511,92);
insert  into `sectiondetails`(`sdid`,`offid`,`secid`) values (512,512,92);
insert  into `sectiondetails`(`sdid`,`offid`,`secid`) values (513,513,92);
insert  into `sectiondetails`(`sdid`,`offid`,`secid`) values (514,514,93);
insert  into `sectiondetails`(`sdid`,`offid`,`secid`) values (515,515,93);
insert  into `sectiondetails`(`sdid`,`offid`,`secid`) values (516,516,94);
insert  into `sectiondetails`(`sdid`,`offid`,`secid`) values (517,517,94);
insert  into `sectiondetails`(`sdid`,`offid`,`secid`) values (518,518,94);
insert  into `sectiondetails`(`sdid`,`offid`,`secid`) values (519,519,94);
insert  into `sectiondetails`(`sdid`,`offid`,`secid`) values (520,520,94);
insert  into `sectiondetails`(`sdid`,`offid`,`secid`) values (521,521,94);
insert  into `sectiondetails`(`sdid`,`offid`,`secid`) values (522,522,94);
insert  into `sectiondetails`(`sdid`,`offid`,`secid`) values (523,523,94);
insert  into `sectiondetails`(`sdid`,`offid`,`secid`) values (524,524,94);
insert  into `sectiondetails`(`sdid`,`offid`,`secid`) values (525,525,95);
insert  into `sectiondetails`(`sdid`,`offid`,`secid`) values (526,526,96);
insert  into `sectiondetails`(`sdid`,`offid`,`secid`) values (527,527,96);
insert  into `sectiondetails`(`sdid`,`offid`,`secid`) values (528,528,96);
insert  into `sectiondetails`(`sdid`,`offid`,`secid`) values (529,529,96);
insert  into `sectiondetails`(`sdid`,`offid`,`secid`) values (530,530,96);
insert  into `sectiondetails`(`sdid`,`offid`,`secid`) values (531,531,97);
insert  into `sectiondetails`(`sdid`,`offid`,`secid`) values (532,532,97);
insert  into `sectiondetails`(`sdid`,`offid`,`secid`) values (533,533,97);
insert  into `sectiondetails`(`sdid`,`offid`,`secid`) values (534,534,98);
insert  into `sectiondetails`(`sdid`,`offid`,`secid`) values (535,535,98);
insert  into `sectiondetails`(`sdid`,`offid`,`secid`) values (536,536,98);
insert  into `sectiondetails`(`sdid`,`offid`,`secid`) values (537,537,98);
insert  into `sectiondetails`(`sdid`,`offid`,`secid`) values (538,538,98);
insert  into `sectiondetails`(`sdid`,`offid`,`secid`) values (539,539,98);
insert  into `sectiondetails`(`sdid`,`offid`,`secid`) values (540,540,98);
insert  into `sectiondetails`(`sdid`,`offid`,`secid`) values (541,541,98);
insert  into `sectiondetails`(`sdid`,`offid`,`secid`) values (542,542,98);
insert  into `sectiondetails`(`sdid`,`offid`,`secid`) values (543,543,98);
insert  into `sectiondetails`(`sdid`,`offid`,`secid`) values (544,544,98);
insert  into `sectiondetails`(`sdid`,`offid`,`secid`) values (545,545,98);
insert  into `sectiondetails`(`sdid`,`offid`,`secid`) values (546,546,98);
insert  into `sectiondetails`(`sdid`,`offid`,`secid`) values (547,547,98);
insert  into `sectiondetails`(`sdid`,`offid`,`secid`) values (548,548,98);
insert  into `sectiondetails`(`sdid`,`offid`,`secid`) values (549,549,98);
insert  into `sectiondetails`(`sdid`,`offid`,`secid`) values (550,550,98);
insert  into `sectiondetails`(`sdid`,`offid`,`secid`) values (551,551,98);
insert  into `sectiondetails`(`sdid`,`offid`,`secid`) values (552,552,98);
insert  into `sectiondetails`(`sdid`,`offid`,`secid`) values (553,553,98);
insert  into `sectiondetails`(`sdid`,`offid`,`secid`) values (554,554,98);
insert  into `sectiondetails`(`sdid`,`offid`,`secid`) values (555,555,98);
insert  into `sectiondetails`(`sdid`,`offid`,`secid`) values (556,556,98);
insert  into `sectiondetails`(`sdid`,`offid`,`secid`) values (557,557,98);
insert  into `sectiondetails`(`sdid`,`offid`,`secid`) values (558,558,98);
insert  into `sectiondetails`(`sdid`,`offid`,`secid`) values (559,559,99);
insert  into `sectiondetails`(`sdid`,`offid`,`secid`) values (560,560,99);
insert  into `sectiondetails`(`sdid`,`offid`,`secid`) values (561,561,99);
insert  into `sectiondetails`(`sdid`,`offid`,`secid`) values (562,562,99);
insert  into `sectiondetails`(`sdid`,`offid`,`secid`) values (563,563,99);
insert  into `sectiondetails`(`sdid`,`offid`,`secid`) values (564,564,100);
insert  into `sectiondetails`(`sdid`,`offid`,`secid`) values (565,565,100);
insert  into `sectiondetails`(`sdid`,`offid`,`secid`) values (566,566,101);
insert  into `sectiondetails`(`sdid`,`offid`,`secid`) values (567,567,101);
insert  into `sectiondetails`(`sdid`,`offid`,`secid`) values (568,568,102);
insert  into `sectiondetails`(`sdid`,`offid`,`secid`) values (569,569,102);
insert  into `sectiondetails`(`sdid`,`offid`,`secid`) values (570,570,103);
insert  into `sectiondetails`(`sdid`,`offid`,`secid`) values (571,571,103);
insert  into `sectiondetails`(`sdid`,`offid`,`secid`) values (572,572,104);
insert  into `sectiondetails`(`sdid`,`offid`,`secid`) values (573,573,104);
insert  into `sectiondetails`(`sdid`,`offid`,`secid`) values (574,574,105);
insert  into `sectiondetails`(`sdid`,`offid`,`secid`) values (575,575,105);
insert  into `sectiondetails`(`sdid`,`offid`,`secid`) values (576,576,106);
insert  into `sectiondetails`(`sdid`,`offid`,`secid`) values (577,577,106);
insert  into `sectiondetails`(`sdid`,`offid`,`secid`) values (578,578,107);
insert  into `sectiondetails`(`sdid`,`offid`,`secid`) values (579,579,107);
insert  into `sectiondetails`(`sdid`,`offid`,`secid`) values (580,580,108);
insert  into `sectiondetails`(`sdid`,`offid`,`secid`) values (581,581,108);
insert  into `sectiondetails`(`sdid`,`offid`,`secid`) values (582,582,109);
insert  into `sectiondetails`(`sdid`,`offid`,`secid`) values (583,583,109);
insert  into `sectiondetails`(`sdid`,`offid`,`secid`) values (584,584,109);
insert  into `sectiondetails`(`sdid`,`offid`,`secid`) values (585,585,109);
insert  into `sectiondetails`(`sdid`,`offid`,`secid`) values (586,586,109);
insert  into `sectiondetails`(`sdid`,`offid`,`secid`) values (587,587,109);
insert  into `sectiondetails`(`sdid`,`offid`,`secid`) values (588,588,110);
insert  into `sectiondetails`(`sdid`,`offid`,`secid`) values (589,589,110);
insert  into `sectiondetails`(`sdid`,`offid`,`secid`) values (590,590,110);
insert  into `sectiondetails`(`sdid`,`offid`,`secid`) values (591,591,111);
insert  into `sectiondetails`(`sdid`,`offid`,`secid`) values (592,592,112);
insert  into `sectiondetails`(`sdid`,`offid`,`secid`) values (593,593,112);
insert  into `sectiondetails`(`sdid`,`offid`,`secid`) values (594,594,112);
insert  into `sectiondetails`(`sdid`,`offid`,`secid`) values (595,595,112);
insert  into `sectiondetails`(`sdid`,`offid`,`secid`) values (596,596,112);
insert  into `sectiondetails`(`sdid`,`offid`,`secid`) values (597,597,113);
insert  into `sectiondetails`(`sdid`,`offid`,`secid`) values (598,598,113);
insert  into `sectiondetails`(`sdid`,`offid`,`secid`) values (599,599,113);
insert  into `sectiondetails`(`sdid`,`offid`,`secid`) values (600,600,114);
insert  into `sectiondetails`(`sdid`,`offid`,`secid`) values (601,601,114);
insert  into `sectiondetails`(`sdid`,`offid`,`secid`) values (602,602,115);
insert  into `sectiondetails`(`sdid`,`offid`,`secid`) values (603,603,115);
insert  into `sectiondetails`(`sdid`,`offid`,`secid`) values (604,604,115);
insert  into `sectiondetails`(`sdid`,`offid`,`secid`) values (605,605,115);
insert  into `sectiondetails`(`sdid`,`offid`,`secid`) values (606,606,115);
insert  into `sectiondetails`(`sdid`,`offid`,`secid`) values (607,607,116);
insert  into `sectiondetails`(`sdid`,`offid`,`secid`) values (608,608,116);
insert  into `sectiondetails`(`sdid`,`offid`,`secid`) values (609,609,116);
insert  into `sectiondetails`(`sdid`,`offid`,`secid`) values (610,610,117);
insert  into `sectiondetails`(`sdid`,`offid`,`secid`) values (611,611,117);
insert  into `sectiondetails`(`sdid`,`offid`,`secid`) values (612,612,117);
insert  into `sectiondetails`(`sdid`,`offid`,`secid`) values (613,613,118);
insert  into `sectiondetails`(`sdid`,`offid`,`secid`) values (614,614,119);
insert  into `sectiondetails`(`sdid`,`offid`,`secid`) values (615,615,119);
insert  into `sectiondetails`(`sdid`,`offid`,`secid`) values (616,616,119);
insert  into `sectiondetails`(`sdid`,`offid`,`secid`) values (617,617,120);
insert  into `sectiondetails`(`sdid`,`offid`,`secid`) values (618,618,120);
insert  into `sectiondetails`(`sdid`,`offid`,`secid`) values (619,619,121);
insert  into `sectiondetails`(`sdid`,`offid`,`secid`) values (620,620,121);
insert  into `sectiondetails`(`sdid`,`offid`,`secid`) values (621,621,121);
insert  into `sectiondetails`(`sdid`,`offid`,`secid`) values (622,622,121);
insert  into `sectiondetails`(`sdid`,`offid`,`secid`) values (623,623,122);
insert  into `sectiondetails`(`sdid`,`offid`,`secid`) values (624,624,123);
insert  into `sectiondetails`(`sdid`,`offid`,`secid`) values (625,625,123);
insert  into `sectiondetails`(`sdid`,`offid`,`secid`) values (626,626,123);
insert  into `sectiondetails`(`sdid`,`offid`,`secid`) values (627,627,123);
insert  into `sectiondetails`(`sdid`,`offid`,`secid`) values (628,628,123);
insert  into `sectiondetails`(`sdid`,`offid`,`secid`) values (629,629,124);
insert  into `sectiondetails`(`sdid`,`offid`,`secid`) values (630,630,124);
insert  into `sectiondetails`(`sdid`,`offid`,`secid`) values (631,631,124);
insert  into `sectiondetails`(`sdid`,`offid`,`secid`) values (632,632,124);
insert  into `sectiondetails`(`sdid`,`offid`,`secid`) values (633,633,125);
insert  into `sectiondetails`(`sdid`,`offid`,`secid`) values (634,634,126);
insert  into `sectiondetails`(`sdid`,`offid`,`secid`) values (635,635,126);
insert  into `sectiondetails`(`sdid`,`offid`,`secid`) values (636,636,127);
insert  into `sectiondetails`(`sdid`,`offid`,`secid`) values (637,637,127);
insert  into `sectiondetails`(`sdid`,`offid`,`secid`) values (638,638,128);
insert  into `sectiondetails`(`sdid`,`offid`,`secid`) values (639,639,128);
insert  into `sectiondetails`(`sdid`,`offid`,`secid`) values (640,640,128);
insert  into `sectiondetails`(`sdid`,`offid`,`secid`) values (641,641,128);
insert  into `sectiondetails`(`sdid`,`offid`,`secid`) values (642,642,128);
insert  into `sectiondetails`(`sdid`,`offid`,`secid`) values (643,643,128);
insert  into `sectiondetails`(`sdid`,`offid`,`secid`) values (644,644,128);
insert  into `sectiondetails`(`sdid`,`offid`,`secid`) values (645,645,128);
insert  into `sectiondetails`(`sdid`,`offid`,`secid`) values (646,646,128);
insert  into `sectiondetails`(`sdid`,`offid`,`secid`) values (647,647,129);
insert  into `sectiondetails`(`sdid`,`offid`,`secid`) values (648,648,129);
insert  into `sectiondetails`(`sdid`,`offid`,`secid`) values (649,649,130);
insert  into `sectiondetails`(`sdid`,`offid`,`secid`) values (650,650,130);
insert  into `sectiondetails`(`sdid`,`offid`,`secid`) values (651,651,130);
insert  into `sectiondetails`(`sdid`,`offid`,`secid`) values (652,652,130);
insert  into `sectiondetails`(`sdid`,`offid`,`secid`) values (653,653,130);
insert  into `sectiondetails`(`sdid`,`offid`,`secid`) values (654,654,130);
insert  into `sectiondetails`(`sdid`,`offid`,`secid`) values (655,655,130);
insert  into `sectiondetails`(`sdid`,`offid`,`secid`) values (656,656,131);
insert  into `sectiondetails`(`sdid`,`offid`,`secid`) values (657,657,131);
insert  into `sectiondetails`(`sdid`,`offid`,`secid`) values (658,658,132);
insert  into `sectiondetails`(`sdid`,`offid`,`secid`) values (659,659,132);
insert  into `sectiondetails`(`sdid`,`offid`,`secid`) values (660,660,132);
insert  into `sectiondetails`(`sdid`,`offid`,`secid`) values (661,661,132);
insert  into `sectiondetails`(`sdid`,`offid`,`secid`) values (662,662,132);
insert  into `sectiondetails`(`sdid`,`offid`,`secid`) values (663,663,133);
insert  into `sectiondetails`(`sdid`,`offid`,`secid`) values (664,664,133);
insert  into `sectiondetails`(`sdid`,`offid`,`secid`) values (665,665,133);
insert  into `sectiondetails`(`sdid`,`offid`,`secid`) values (666,666,133);
insert  into `sectiondetails`(`sdid`,`offid`,`secid`) values (667,667,133);
insert  into `sectiondetails`(`sdid`,`offid`,`secid`) values (668,668,133);
insert  into `sectiondetails`(`sdid`,`offid`,`secid`) values (669,669,133);
insert  into `sectiondetails`(`sdid`,`offid`,`secid`) values (670,670,133);
insert  into `sectiondetails`(`sdid`,`offid`,`secid`) values (671,671,133);
insert  into `sectiondetails`(`sdid`,`offid`,`secid`) values (672,672,134);
insert  into `sectiondetails`(`sdid`,`offid`,`secid`) values (673,673,134);
insert  into `sectiondetails`(`sdid`,`offid`,`secid`) values (674,674,134);
insert  into `sectiondetails`(`sdid`,`offid`,`secid`) values (675,675,134);
insert  into `sectiondetails`(`sdid`,`offid`,`secid`) values (676,676,134);
insert  into `sectiondetails`(`sdid`,`offid`,`secid`) values (677,677,134);
insert  into `sectiondetails`(`sdid`,`offid`,`secid`) values (678,678,135);
insert  into `sectiondetails`(`sdid`,`offid`,`secid`) values (679,679,135);
insert  into `sectiondetails`(`sdid`,`offid`,`secid`) values (680,680,136);
insert  into `sectiondetails`(`sdid`,`offid`,`secid`) values (681,681,136);
insert  into `sectiondetails`(`sdid`,`offid`,`secid`) values (682,682,136);
insert  into `sectiondetails`(`sdid`,`offid`,`secid`) values (683,683,136);
insert  into `sectiondetails`(`sdid`,`offid`,`secid`) values (684,684,136);
insert  into `sectiondetails`(`sdid`,`offid`,`secid`) values (685,685,137);
insert  into `sectiondetails`(`sdid`,`offid`,`secid`) values (686,686,137);
insert  into `sectiondetails`(`sdid`,`offid`,`secid`) values (687,687,137);
insert  into `sectiondetails`(`sdid`,`offid`,`secid`) values (688,688,137);
insert  into `sectiondetails`(`sdid`,`offid`,`secid`) values (689,689,138);
insert  into `sectiondetails`(`sdid`,`offid`,`secid`) values (690,690,138);
insert  into `sectiondetails`(`sdid`,`offid`,`secid`) values (691,691,138);
insert  into `sectiondetails`(`sdid`,`offid`,`secid`) values (692,692,139);
insert  into `sectiondetails`(`sdid`,`offid`,`secid`) values (693,693,139);
insert  into `sectiondetails`(`sdid`,`offid`,`secid`) values (694,694,139);
insert  into `sectiondetails`(`sdid`,`offid`,`secid`) values (695,695,139);
insert  into `sectiondetails`(`sdid`,`offid`,`secid`) values (696,696,139);
insert  into `sectiondetails`(`sdid`,`offid`,`secid`) values (697,697,140);
insert  into `sectiondetails`(`sdid`,`offid`,`secid`) values (698,698,140);
insert  into `sectiondetails`(`sdid`,`offid`,`secid`) values (699,699,140);
insert  into `sectiondetails`(`sdid`,`offid`,`secid`) values (700,700,140);
insert  into `sectiondetails`(`sdid`,`offid`,`secid`) values (701,701,140);
insert  into `sectiondetails`(`sdid`,`offid`,`secid`) values (702,702,140);
insert  into `sectiondetails`(`sdid`,`offid`,`secid`) values (703,703,140);
insert  into `sectiondetails`(`sdid`,`offid`,`secid`) values (704,704,140);
insert  into `sectiondetails`(`sdid`,`offid`,`secid`) values (705,705,140);
insert  into `sectiondetails`(`sdid`,`offid`,`secid`) values (706,706,141);
insert  into `sectiondetails`(`sdid`,`offid`,`secid`) values (707,707,141);
insert  into `sectiondetails`(`sdid`,`offid`,`secid`) values (708,708,141);
insert  into `sectiondetails`(`sdid`,`offid`,`secid`) values (709,709,141);
insert  into `sectiondetails`(`sdid`,`offid`,`secid`) values (710,710,141);
insert  into `sectiondetails`(`sdid`,`offid`,`secid`) values (711,711,141);
insert  into `sectiondetails`(`sdid`,`offid`,`secid`) values (712,712,141);
insert  into `sectiondetails`(`sdid`,`offid`,`secid`) values (713,713,141);

/*Table structure for table `slots` */

CREATE TABLE `slots` (
  `slotid` int(11) NOT NULL auto_increment,
  `dayid` int(11) NOT NULL default '0',
  `slottypeid` int(11) NOT NULL,
  `roomid` int(11) NOT NULL default '0',
  PRIMARY KEY  (`slotid`)
) ENGINE=MyISAM AUTO_INCREMENT=1289 DEFAULT CHARSET=latin1;

/*Data for the table `slots` */

insert  into `slots`(`slotid`,`dayid`,`slottypeid`,`roomid`) values (1,1,1,1);
insert  into `slots`(`slotid`,`dayid`,`slottypeid`,`roomid`) values (2,1,1,2);
insert  into `slots`(`slotid`,`dayid`,`slottypeid`,`roomid`) values (3,1,1,3);
insert  into `slots`(`slotid`,`dayid`,`slottypeid`,`roomid`) values (4,1,1,4);
insert  into `slots`(`slotid`,`dayid`,`slottypeid`,`roomid`) values (5,1,1,5);
insert  into `slots`(`slotid`,`dayid`,`slottypeid`,`roomid`) values (6,1,1,6);
insert  into `slots`(`slotid`,`dayid`,`slottypeid`,`roomid`) values (7,1,1,7);
insert  into `slots`(`slotid`,`dayid`,`slottypeid`,`roomid`) values (8,1,1,8);
insert  into `slots`(`slotid`,`dayid`,`slottypeid`,`roomid`) values (9,1,1,9);
insert  into `slots`(`slotid`,`dayid`,`slottypeid`,`roomid`) values (10,1,1,10);
insert  into `slots`(`slotid`,`dayid`,`slottypeid`,`roomid`) values (11,1,1,11);
insert  into `slots`(`slotid`,`dayid`,`slottypeid`,`roomid`) values (12,1,1,12);
insert  into `slots`(`slotid`,`dayid`,`slottypeid`,`roomid`) values (13,1,1,13);
insert  into `slots`(`slotid`,`dayid`,`slottypeid`,`roomid`) values (14,1,1,14);
insert  into `slots`(`slotid`,`dayid`,`slottypeid`,`roomid`) values (15,1,1,15);
insert  into `slots`(`slotid`,`dayid`,`slottypeid`,`roomid`) values (16,1,1,16);
insert  into `slots`(`slotid`,`dayid`,`slottypeid`,`roomid`) values (17,1,1,17);
insert  into `slots`(`slotid`,`dayid`,`slottypeid`,`roomid`) values (18,1,1,18);
insert  into `slots`(`slotid`,`dayid`,`slottypeid`,`roomid`) values (19,1,1,19);
insert  into `slots`(`slotid`,`dayid`,`slottypeid`,`roomid`) values (20,1,1,20);
insert  into `slots`(`slotid`,`dayid`,`slottypeid`,`roomid`) values (21,1,1,21);
insert  into `slots`(`slotid`,`dayid`,`slottypeid`,`roomid`) values (22,1,1,22);
insert  into `slots`(`slotid`,`dayid`,`slottypeid`,`roomid`) values (23,1,1,23);
insert  into `slots`(`slotid`,`dayid`,`slottypeid`,`roomid`) values (24,1,1,24);
insert  into `slots`(`slotid`,`dayid`,`slottypeid`,`roomid`) values (25,1,1,25);
insert  into `slots`(`slotid`,`dayid`,`slottypeid`,`roomid`) values (26,1,1,26);
insert  into `slots`(`slotid`,`dayid`,`slottypeid`,`roomid`) values (27,1,1,27);
insert  into `slots`(`slotid`,`dayid`,`slottypeid`,`roomid`) values (28,1,1,28);
insert  into `slots`(`slotid`,`dayid`,`slottypeid`,`roomid`) values (29,1,1,29);
insert  into `slots`(`slotid`,`dayid`,`slottypeid`,`roomid`) values (30,1,1,30);
insert  into `slots`(`slotid`,`dayid`,`slottypeid`,`roomid`) values (31,1,1,32);
insert  into `slots`(`slotid`,`dayid`,`slottypeid`,`roomid`) values (32,1,1,33);
insert  into `slots`(`slotid`,`dayid`,`slottypeid`,`roomid`) values (33,1,1,34);
insert  into `slots`(`slotid`,`dayid`,`slottypeid`,`roomid`) values (34,1,1,35);
insert  into `slots`(`slotid`,`dayid`,`slottypeid`,`roomid`) values (35,1,1,36);
insert  into `slots`(`slotid`,`dayid`,`slottypeid`,`roomid`) values (36,1,1,37);
insert  into `slots`(`slotid`,`dayid`,`slottypeid`,`roomid`) values (37,1,1,38);
insert  into `slots`(`slotid`,`dayid`,`slottypeid`,`roomid`) values (38,1,1,39);
insert  into `slots`(`slotid`,`dayid`,`slottypeid`,`roomid`) values (39,1,1,40);
insert  into `slots`(`slotid`,`dayid`,`slottypeid`,`roomid`) values (40,1,1,41);
insert  into `slots`(`slotid`,`dayid`,`slottypeid`,`roomid`) values (41,1,1,42);
insert  into `slots`(`slotid`,`dayid`,`slottypeid`,`roomid`) values (42,1,1,43);
insert  into `slots`(`slotid`,`dayid`,`slottypeid`,`roomid`) values (43,1,1,44);
insert  into `slots`(`slotid`,`dayid`,`slottypeid`,`roomid`) values (44,1,1,45);
insert  into `slots`(`slotid`,`dayid`,`slottypeid`,`roomid`) values (45,1,1,46);
insert  into `slots`(`slotid`,`dayid`,`slottypeid`,`roomid`) values (46,1,2,1);
insert  into `slots`(`slotid`,`dayid`,`slottypeid`,`roomid`) values (47,1,2,2);
insert  into `slots`(`slotid`,`dayid`,`slottypeid`,`roomid`) values (48,1,2,3);
insert  into `slots`(`slotid`,`dayid`,`slottypeid`,`roomid`) values (49,1,2,4);
insert  into `slots`(`slotid`,`dayid`,`slottypeid`,`roomid`) values (50,1,2,5);
insert  into `slots`(`slotid`,`dayid`,`slottypeid`,`roomid`) values (51,1,2,6);
insert  into `slots`(`slotid`,`dayid`,`slottypeid`,`roomid`) values (52,1,2,7);
insert  into `slots`(`slotid`,`dayid`,`slottypeid`,`roomid`) values (53,1,2,8);
insert  into `slots`(`slotid`,`dayid`,`slottypeid`,`roomid`) values (54,1,2,9);
insert  into `slots`(`slotid`,`dayid`,`slottypeid`,`roomid`) values (55,1,2,10);
insert  into `slots`(`slotid`,`dayid`,`slottypeid`,`roomid`) values (56,1,2,11);
insert  into `slots`(`slotid`,`dayid`,`slottypeid`,`roomid`) values (57,1,2,12);
insert  into `slots`(`slotid`,`dayid`,`slottypeid`,`roomid`) values (58,1,2,13);
insert  into `slots`(`slotid`,`dayid`,`slottypeid`,`roomid`) values (59,1,2,14);
insert  into `slots`(`slotid`,`dayid`,`slottypeid`,`roomid`) values (60,1,2,15);
insert  into `slots`(`slotid`,`dayid`,`slottypeid`,`roomid`) values (61,1,2,16);
insert  into `slots`(`slotid`,`dayid`,`slottypeid`,`roomid`) values (62,1,2,17);
insert  into `slots`(`slotid`,`dayid`,`slottypeid`,`roomid`) values (63,1,2,18);
insert  into `slots`(`slotid`,`dayid`,`slottypeid`,`roomid`) values (64,1,2,19);
insert  into `slots`(`slotid`,`dayid`,`slottypeid`,`roomid`) values (65,1,2,20);
insert  into `slots`(`slotid`,`dayid`,`slottypeid`,`roomid`) values (66,1,2,21);
insert  into `slots`(`slotid`,`dayid`,`slottypeid`,`roomid`) values (67,1,2,22);
insert  into `slots`(`slotid`,`dayid`,`slottypeid`,`roomid`) values (68,1,2,23);
insert  into `slots`(`slotid`,`dayid`,`slottypeid`,`roomid`) values (69,1,2,24);
insert  into `slots`(`slotid`,`dayid`,`slottypeid`,`roomid`) values (70,1,2,25);
insert  into `slots`(`slotid`,`dayid`,`slottypeid`,`roomid`) values (71,1,2,26);
insert  into `slots`(`slotid`,`dayid`,`slottypeid`,`roomid`) values (72,1,2,27);
insert  into `slots`(`slotid`,`dayid`,`slottypeid`,`roomid`) values (73,1,2,28);
insert  into `slots`(`slotid`,`dayid`,`slottypeid`,`roomid`) values (74,1,2,29);
insert  into `slots`(`slotid`,`dayid`,`slottypeid`,`roomid`) values (75,1,2,30);
insert  into `slots`(`slotid`,`dayid`,`slottypeid`,`roomid`) values (76,1,2,32);
insert  into `slots`(`slotid`,`dayid`,`slottypeid`,`roomid`) values (77,1,2,33);
insert  into `slots`(`slotid`,`dayid`,`slottypeid`,`roomid`) values (78,1,2,34);
insert  into `slots`(`slotid`,`dayid`,`slottypeid`,`roomid`) values (79,1,2,35);
insert  into `slots`(`slotid`,`dayid`,`slottypeid`,`roomid`) values (80,1,2,36);
insert  into `slots`(`slotid`,`dayid`,`slottypeid`,`roomid`) values (81,1,2,37);
insert  into `slots`(`slotid`,`dayid`,`slottypeid`,`roomid`) values (82,1,2,38);
insert  into `slots`(`slotid`,`dayid`,`slottypeid`,`roomid`) values (83,1,2,39);
insert  into `slots`(`slotid`,`dayid`,`slottypeid`,`roomid`) values (84,1,2,40);
insert  into `slots`(`slotid`,`dayid`,`slottypeid`,`roomid`) values (85,1,2,41);
insert  into `slots`(`slotid`,`dayid`,`slottypeid`,`roomid`) values (86,1,2,42);
insert  into `slots`(`slotid`,`dayid`,`slottypeid`,`roomid`) values (87,1,2,43);
insert  into `slots`(`slotid`,`dayid`,`slottypeid`,`roomid`) values (88,1,2,44);
insert  into `slots`(`slotid`,`dayid`,`slottypeid`,`roomid`) values (89,1,2,45);
insert  into `slots`(`slotid`,`dayid`,`slottypeid`,`roomid`) values (90,1,2,46);
insert  into `slots`(`slotid`,`dayid`,`slottypeid`,`roomid`) values (91,1,3,1);
insert  into `slots`(`slotid`,`dayid`,`slottypeid`,`roomid`) values (92,1,3,2);
insert  into `slots`(`slotid`,`dayid`,`slottypeid`,`roomid`) values (93,1,3,3);
insert  into `slots`(`slotid`,`dayid`,`slottypeid`,`roomid`) values (94,1,3,4);
insert  into `slots`(`slotid`,`dayid`,`slottypeid`,`roomid`) values (95,1,3,5);
insert  into `slots`(`slotid`,`dayid`,`slottypeid`,`roomid`) values (96,1,3,6);
insert  into `slots`(`slotid`,`dayid`,`slottypeid`,`roomid`) values (97,1,3,7);
insert  into `slots`(`slotid`,`dayid`,`slottypeid`,`roomid`) values (98,1,3,8);
insert  into `slots`(`slotid`,`dayid`,`slottypeid`,`roomid`) values (99,1,3,9);
insert  into `slots`(`slotid`,`dayid`,`slottypeid`,`roomid`) values (100,1,3,10);
insert  into `slots`(`slotid`,`dayid`,`slottypeid`,`roomid`) values (101,1,3,11);
insert  into `slots`(`slotid`,`dayid`,`slottypeid`,`roomid`) values (102,1,3,12);
insert  into `slots`(`slotid`,`dayid`,`slottypeid`,`roomid`) values (103,1,3,13);
insert  into `slots`(`slotid`,`dayid`,`slottypeid`,`roomid`) values (104,1,3,14);
insert  into `slots`(`slotid`,`dayid`,`slottypeid`,`roomid`) values (105,1,3,15);
insert  into `slots`(`slotid`,`dayid`,`slottypeid`,`roomid`) values (106,1,3,16);
insert  into `slots`(`slotid`,`dayid`,`slottypeid`,`roomid`) values (107,1,3,17);
insert  into `slots`(`slotid`,`dayid`,`slottypeid`,`roomid`) values (108,1,3,18);
insert  into `slots`(`slotid`,`dayid`,`slottypeid`,`roomid`) values (109,1,3,19);
insert  into `slots`(`slotid`,`dayid`,`slottypeid`,`roomid`) values (110,1,3,20);
insert  into `slots`(`slotid`,`dayid`,`slottypeid`,`roomid`) values (111,1,3,21);
insert  into `slots`(`slotid`,`dayid`,`slottypeid`,`roomid`) values (112,1,3,22);
insert  into `slots`(`slotid`,`dayid`,`slottypeid`,`roomid`) values (113,1,3,23);
insert  into `slots`(`slotid`,`dayid`,`slottypeid`,`roomid`) values (114,1,3,24);
insert  into `slots`(`slotid`,`dayid`,`slottypeid`,`roomid`) values (115,1,3,25);
insert  into `slots`(`slotid`,`dayid`,`slottypeid`,`roomid`) values (116,1,3,26);
insert  into `slots`(`slotid`,`dayid`,`slottypeid`,`roomid`) values (117,1,3,27);
insert  into `slots`(`slotid`,`dayid`,`slottypeid`,`roomid`) values (118,1,3,28);
insert  into `slots`(`slotid`,`dayid`,`slottypeid`,`roomid`) values (119,1,3,29);
insert  into `slots`(`slotid`,`dayid`,`slottypeid`,`roomid`) values (120,1,3,30);
insert  into `slots`(`slotid`,`dayid`,`slottypeid`,`roomid`) values (121,1,3,32);
insert  into `slots`(`slotid`,`dayid`,`slottypeid`,`roomid`) values (122,1,3,33);
insert  into `slots`(`slotid`,`dayid`,`slottypeid`,`roomid`) values (123,1,3,34);
insert  into `slots`(`slotid`,`dayid`,`slottypeid`,`roomid`) values (124,1,3,35);
insert  into `slots`(`slotid`,`dayid`,`slottypeid`,`roomid`) values (125,1,3,36);
insert  into `slots`(`slotid`,`dayid`,`slottypeid`,`roomid`) values (126,1,3,37);
insert  into `slots`(`slotid`,`dayid`,`slottypeid`,`roomid`) values (127,1,3,38);
insert  into `slots`(`slotid`,`dayid`,`slottypeid`,`roomid`) values (128,1,3,39);
insert  into `slots`(`slotid`,`dayid`,`slottypeid`,`roomid`) values (129,1,3,40);
insert  into `slots`(`slotid`,`dayid`,`slottypeid`,`roomid`) values (130,1,3,41);
insert  into `slots`(`slotid`,`dayid`,`slottypeid`,`roomid`) values (131,1,3,42);
insert  into `slots`(`slotid`,`dayid`,`slottypeid`,`roomid`) values (132,1,3,43);
insert  into `slots`(`slotid`,`dayid`,`slottypeid`,`roomid`) values (133,1,3,44);
insert  into `slots`(`slotid`,`dayid`,`slottypeid`,`roomid`) values (134,1,3,45);
insert  into `slots`(`slotid`,`dayid`,`slottypeid`,`roomid`) values (135,1,3,46);
insert  into `slots`(`slotid`,`dayid`,`slottypeid`,`roomid`) values (136,1,4,1);
insert  into `slots`(`slotid`,`dayid`,`slottypeid`,`roomid`) values (137,1,4,2);
insert  into `slots`(`slotid`,`dayid`,`slottypeid`,`roomid`) values (138,1,4,3);
insert  into `slots`(`slotid`,`dayid`,`slottypeid`,`roomid`) values (139,1,4,4);
insert  into `slots`(`slotid`,`dayid`,`slottypeid`,`roomid`) values (140,1,4,5);
insert  into `slots`(`slotid`,`dayid`,`slottypeid`,`roomid`) values (141,1,4,6);
insert  into `slots`(`slotid`,`dayid`,`slottypeid`,`roomid`) values (142,1,4,7);
insert  into `slots`(`slotid`,`dayid`,`slottypeid`,`roomid`) values (143,1,4,8);
insert  into `slots`(`slotid`,`dayid`,`slottypeid`,`roomid`) values (144,1,4,9);
insert  into `slots`(`slotid`,`dayid`,`slottypeid`,`roomid`) values (145,1,4,10);
insert  into `slots`(`slotid`,`dayid`,`slottypeid`,`roomid`) values (146,1,4,11);
insert  into `slots`(`slotid`,`dayid`,`slottypeid`,`roomid`) values (147,1,4,12);
insert  into `slots`(`slotid`,`dayid`,`slottypeid`,`roomid`) values (148,1,4,13);
insert  into `slots`(`slotid`,`dayid`,`slottypeid`,`roomid`) values (149,1,4,14);
insert  into `slots`(`slotid`,`dayid`,`slottypeid`,`roomid`) values (150,1,4,15);
insert  into `slots`(`slotid`,`dayid`,`slottypeid`,`roomid`) values (151,1,4,16);
insert  into `slots`(`slotid`,`dayid`,`slottypeid`,`roomid`) values (152,1,4,17);
insert  into `slots`(`slotid`,`dayid`,`slottypeid`,`roomid`) values (153,1,4,18);
insert  into `slots`(`slotid`,`dayid`,`slottypeid`,`roomid`) values (154,1,4,19);
insert  into `slots`(`slotid`,`dayid`,`slottypeid`,`roomid`) values (155,1,4,20);
insert  into `slots`(`slotid`,`dayid`,`slottypeid`,`roomid`) values (156,1,4,21);
insert  into `slots`(`slotid`,`dayid`,`slottypeid`,`roomid`) values (157,1,4,22);
insert  into `slots`(`slotid`,`dayid`,`slottypeid`,`roomid`) values (158,1,4,23);
insert  into `slots`(`slotid`,`dayid`,`slottypeid`,`roomid`) values (159,1,4,24);
insert  into `slots`(`slotid`,`dayid`,`slottypeid`,`roomid`) values (160,1,4,25);
insert  into `slots`(`slotid`,`dayid`,`slottypeid`,`roomid`) values (161,1,4,26);
insert  into `slots`(`slotid`,`dayid`,`slottypeid`,`roomid`) values (162,1,4,27);
insert  into `slots`(`slotid`,`dayid`,`slottypeid`,`roomid`) values (163,1,4,28);
insert  into `slots`(`slotid`,`dayid`,`slottypeid`,`roomid`) values (164,1,4,29);
insert  into `slots`(`slotid`,`dayid`,`slottypeid`,`roomid`) values (165,1,4,30);
insert  into `slots`(`slotid`,`dayid`,`slottypeid`,`roomid`) values (166,1,4,32);
insert  into `slots`(`slotid`,`dayid`,`slottypeid`,`roomid`) values (167,1,4,33);
insert  into `slots`(`slotid`,`dayid`,`slottypeid`,`roomid`) values (168,1,4,34);
insert  into `slots`(`slotid`,`dayid`,`slottypeid`,`roomid`) values (169,1,4,35);
insert  into `slots`(`slotid`,`dayid`,`slottypeid`,`roomid`) values (170,1,4,36);
insert  into `slots`(`slotid`,`dayid`,`slottypeid`,`roomid`) values (171,1,4,37);
insert  into `slots`(`slotid`,`dayid`,`slottypeid`,`roomid`) values (172,1,4,38);
insert  into `slots`(`slotid`,`dayid`,`slottypeid`,`roomid`) values (173,1,4,39);
insert  into `slots`(`slotid`,`dayid`,`slottypeid`,`roomid`) values (174,1,4,40);
insert  into `slots`(`slotid`,`dayid`,`slottypeid`,`roomid`) values (175,1,4,41);
insert  into `slots`(`slotid`,`dayid`,`slottypeid`,`roomid`) values (176,1,4,42);
insert  into `slots`(`slotid`,`dayid`,`slottypeid`,`roomid`) values (177,1,4,43);
insert  into `slots`(`slotid`,`dayid`,`slottypeid`,`roomid`) values (178,1,4,44);
insert  into `slots`(`slotid`,`dayid`,`slottypeid`,`roomid`) values (179,1,4,45);
insert  into `slots`(`slotid`,`dayid`,`slottypeid`,`roomid`) values (180,1,4,46);
insert  into `slots`(`slotid`,`dayid`,`slottypeid`,`roomid`) values (181,2,1,1);
insert  into `slots`(`slotid`,`dayid`,`slottypeid`,`roomid`) values (182,2,1,2);
insert  into `slots`(`slotid`,`dayid`,`slottypeid`,`roomid`) values (183,2,1,3);
insert  into `slots`(`slotid`,`dayid`,`slottypeid`,`roomid`) values (184,2,1,4);
insert  into `slots`(`slotid`,`dayid`,`slottypeid`,`roomid`) values (185,2,1,5);
insert  into `slots`(`slotid`,`dayid`,`slottypeid`,`roomid`) values (186,2,1,6);
insert  into `slots`(`slotid`,`dayid`,`slottypeid`,`roomid`) values (187,2,1,7);
insert  into `slots`(`slotid`,`dayid`,`slottypeid`,`roomid`) values (188,2,1,8);
insert  into `slots`(`slotid`,`dayid`,`slottypeid`,`roomid`) values (189,2,1,9);
insert  into `slots`(`slotid`,`dayid`,`slottypeid`,`roomid`) values (190,2,1,10);
insert  into `slots`(`slotid`,`dayid`,`slottypeid`,`roomid`) values (191,2,1,11);
insert  into `slots`(`slotid`,`dayid`,`slottypeid`,`roomid`) values (192,2,1,12);
insert  into `slots`(`slotid`,`dayid`,`slottypeid`,`roomid`) values (193,2,1,13);
insert  into `slots`(`slotid`,`dayid`,`slottypeid`,`roomid`) values (194,2,1,14);
insert  into `slots`(`slotid`,`dayid`,`slottypeid`,`roomid`) values (195,2,1,15);
insert  into `slots`(`slotid`,`dayid`,`slottypeid`,`roomid`) values (196,2,1,16);
insert  into `slots`(`slotid`,`dayid`,`slottypeid`,`roomid`) values (197,2,1,17);
insert  into `slots`(`slotid`,`dayid`,`slottypeid`,`roomid`) values (198,2,1,18);
insert  into `slots`(`slotid`,`dayid`,`slottypeid`,`roomid`) values (199,2,1,19);
insert  into `slots`(`slotid`,`dayid`,`slottypeid`,`roomid`) values (200,2,1,20);
insert  into `slots`(`slotid`,`dayid`,`slottypeid`,`roomid`) values (201,2,1,21);
insert  into `slots`(`slotid`,`dayid`,`slottypeid`,`roomid`) values (202,2,1,22);
insert  into `slots`(`slotid`,`dayid`,`slottypeid`,`roomid`) values (203,2,1,23);
insert  into `slots`(`slotid`,`dayid`,`slottypeid`,`roomid`) values (204,2,1,24);
insert  into `slots`(`slotid`,`dayid`,`slottypeid`,`roomid`) values (205,2,1,25);
insert  into `slots`(`slotid`,`dayid`,`slottypeid`,`roomid`) values (206,2,1,26);
insert  into `slots`(`slotid`,`dayid`,`slottypeid`,`roomid`) values (207,2,1,27);
insert  into `slots`(`slotid`,`dayid`,`slottypeid`,`roomid`) values (208,2,1,28);
insert  into `slots`(`slotid`,`dayid`,`slottypeid`,`roomid`) values (209,2,1,29);
insert  into `slots`(`slotid`,`dayid`,`slottypeid`,`roomid`) values (210,2,1,30);
insert  into `slots`(`slotid`,`dayid`,`slottypeid`,`roomid`) values (211,2,1,32);
insert  into `slots`(`slotid`,`dayid`,`slottypeid`,`roomid`) values (212,2,1,33);
insert  into `slots`(`slotid`,`dayid`,`slottypeid`,`roomid`) values (213,2,1,34);
insert  into `slots`(`slotid`,`dayid`,`slottypeid`,`roomid`) values (214,2,1,35);
insert  into `slots`(`slotid`,`dayid`,`slottypeid`,`roomid`) values (215,2,1,36);
insert  into `slots`(`slotid`,`dayid`,`slottypeid`,`roomid`) values (216,2,1,37);
insert  into `slots`(`slotid`,`dayid`,`slottypeid`,`roomid`) values (217,2,1,38);
insert  into `slots`(`slotid`,`dayid`,`slottypeid`,`roomid`) values (218,2,1,39);
insert  into `slots`(`slotid`,`dayid`,`slottypeid`,`roomid`) values (219,2,1,40);
insert  into `slots`(`slotid`,`dayid`,`slottypeid`,`roomid`) values (220,2,1,41);
insert  into `slots`(`slotid`,`dayid`,`slottypeid`,`roomid`) values (221,2,1,42);
insert  into `slots`(`slotid`,`dayid`,`slottypeid`,`roomid`) values (222,2,1,43);
insert  into `slots`(`slotid`,`dayid`,`slottypeid`,`roomid`) values (223,2,1,44);
insert  into `slots`(`slotid`,`dayid`,`slottypeid`,`roomid`) values (224,2,1,45);
insert  into `slots`(`slotid`,`dayid`,`slottypeid`,`roomid`) values (225,2,1,46);
insert  into `slots`(`slotid`,`dayid`,`slottypeid`,`roomid`) values (226,2,2,1);
insert  into `slots`(`slotid`,`dayid`,`slottypeid`,`roomid`) values (227,2,2,2);
insert  into `slots`(`slotid`,`dayid`,`slottypeid`,`roomid`) values (228,2,2,3);
insert  into `slots`(`slotid`,`dayid`,`slottypeid`,`roomid`) values (229,2,2,4);
insert  into `slots`(`slotid`,`dayid`,`slottypeid`,`roomid`) values (230,2,2,5);
insert  into `slots`(`slotid`,`dayid`,`slottypeid`,`roomid`) values (231,2,2,6);
insert  into `slots`(`slotid`,`dayid`,`slottypeid`,`roomid`) values (232,2,2,7);
insert  into `slots`(`slotid`,`dayid`,`slottypeid`,`roomid`) values (233,2,2,8);
insert  into `slots`(`slotid`,`dayid`,`slottypeid`,`roomid`) values (234,2,2,9);
insert  into `slots`(`slotid`,`dayid`,`slottypeid`,`roomid`) values (235,2,2,10);
insert  into `slots`(`slotid`,`dayid`,`slottypeid`,`roomid`) values (236,2,2,11);
insert  into `slots`(`slotid`,`dayid`,`slottypeid`,`roomid`) values (237,2,2,12);
insert  into `slots`(`slotid`,`dayid`,`slottypeid`,`roomid`) values (238,2,2,13);
insert  into `slots`(`slotid`,`dayid`,`slottypeid`,`roomid`) values (239,2,2,14);
insert  into `slots`(`slotid`,`dayid`,`slottypeid`,`roomid`) values (240,2,2,15);
insert  into `slots`(`slotid`,`dayid`,`slottypeid`,`roomid`) values (241,2,2,16);
insert  into `slots`(`slotid`,`dayid`,`slottypeid`,`roomid`) values (242,2,2,17);
insert  into `slots`(`slotid`,`dayid`,`slottypeid`,`roomid`) values (243,2,2,18);
insert  into `slots`(`slotid`,`dayid`,`slottypeid`,`roomid`) values (244,2,2,19);
insert  into `slots`(`slotid`,`dayid`,`slottypeid`,`roomid`) values (245,2,2,20);
insert  into `slots`(`slotid`,`dayid`,`slottypeid`,`roomid`) values (246,2,2,21);
insert  into `slots`(`slotid`,`dayid`,`slottypeid`,`roomid`) values (247,2,2,22);
insert  into `slots`(`slotid`,`dayid`,`slottypeid`,`roomid`) values (248,2,2,23);
insert  into `slots`(`slotid`,`dayid`,`slottypeid`,`roomid`) values (249,2,2,24);
insert  into `slots`(`slotid`,`dayid`,`slottypeid`,`roomid`) values (250,2,2,25);
insert  into `slots`(`slotid`,`dayid`,`slottypeid`,`roomid`) values (251,2,2,26);
insert  into `slots`(`slotid`,`dayid`,`slottypeid`,`roomid`) values (252,2,2,27);
insert  into `slots`(`slotid`,`dayid`,`slottypeid`,`roomid`) values (253,2,2,28);
insert  into `slots`(`slotid`,`dayid`,`slottypeid`,`roomid`) values (254,2,2,29);
insert  into `slots`(`slotid`,`dayid`,`slottypeid`,`roomid`) values (255,2,2,30);
insert  into `slots`(`slotid`,`dayid`,`slottypeid`,`roomid`) values (256,2,2,32);
insert  into `slots`(`slotid`,`dayid`,`slottypeid`,`roomid`) values (257,2,2,33);
insert  into `slots`(`slotid`,`dayid`,`slottypeid`,`roomid`) values (258,2,2,34);
insert  into `slots`(`slotid`,`dayid`,`slottypeid`,`roomid`) values (259,2,2,35);
insert  into `slots`(`slotid`,`dayid`,`slottypeid`,`roomid`) values (260,2,2,36);
insert  into `slots`(`slotid`,`dayid`,`slottypeid`,`roomid`) values (261,2,2,37);
insert  into `slots`(`slotid`,`dayid`,`slottypeid`,`roomid`) values (262,2,2,38);
insert  into `slots`(`slotid`,`dayid`,`slottypeid`,`roomid`) values (263,2,2,39);
insert  into `slots`(`slotid`,`dayid`,`slottypeid`,`roomid`) values (264,2,2,40);
insert  into `slots`(`slotid`,`dayid`,`slottypeid`,`roomid`) values (265,2,2,41);
insert  into `slots`(`slotid`,`dayid`,`slottypeid`,`roomid`) values (266,2,2,42);
insert  into `slots`(`slotid`,`dayid`,`slottypeid`,`roomid`) values (267,2,2,43);
insert  into `slots`(`slotid`,`dayid`,`slottypeid`,`roomid`) values (268,2,2,44);
insert  into `slots`(`slotid`,`dayid`,`slottypeid`,`roomid`) values (269,2,2,45);
insert  into `slots`(`slotid`,`dayid`,`slottypeid`,`roomid`) values (270,2,2,46);
insert  into `slots`(`slotid`,`dayid`,`slottypeid`,`roomid`) values (271,2,3,1);
insert  into `slots`(`slotid`,`dayid`,`slottypeid`,`roomid`) values (272,2,3,2);
insert  into `slots`(`slotid`,`dayid`,`slottypeid`,`roomid`) values (273,2,3,3);
insert  into `slots`(`slotid`,`dayid`,`slottypeid`,`roomid`) values (274,2,3,4);
insert  into `slots`(`slotid`,`dayid`,`slottypeid`,`roomid`) values (275,2,3,5);
insert  into `slots`(`slotid`,`dayid`,`slottypeid`,`roomid`) values (276,2,3,6);
insert  into `slots`(`slotid`,`dayid`,`slottypeid`,`roomid`) values (277,2,3,7);
insert  into `slots`(`slotid`,`dayid`,`slottypeid`,`roomid`) values (278,2,3,8);
insert  into `slots`(`slotid`,`dayid`,`slottypeid`,`roomid`) values (279,2,3,9);
insert  into `slots`(`slotid`,`dayid`,`slottypeid`,`roomid`) values (280,2,3,10);
insert  into `slots`(`slotid`,`dayid`,`slottypeid`,`roomid`) values (281,2,3,11);
insert  into `slots`(`slotid`,`dayid`,`slottypeid`,`roomid`) values (282,2,3,12);
insert  into `slots`(`slotid`,`dayid`,`slottypeid`,`roomid`) values (283,2,3,13);
insert  into `slots`(`slotid`,`dayid`,`slottypeid`,`roomid`) values (284,2,3,14);
insert  into `slots`(`slotid`,`dayid`,`slottypeid`,`roomid`) values (285,2,3,15);
insert  into `slots`(`slotid`,`dayid`,`slottypeid`,`roomid`) values (286,2,3,16);
insert  into `slots`(`slotid`,`dayid`,`slottypeid`,`roomid`) values (287,2,3,17);
insert  into `slots`(`slotid`,`dayid`,`slottypeid`,`roomid`) values (288,2,3,18);
insert  into `slots`(`slotid`,`dayid`,`slottypeid`,`roomid`) values (289,2,3,19);
insert  into `slots`(`slotid`,`dayid`,`slottypeid`,`roomid`) values (290,2,3,20);
insert  into `slots`(`slotid`,`dayid`,`slottypeid`,`roomid`) values (291,2,3,21);
insert  into `slots`(`slotid`,`dayid`,`slottypeid`,`roomid`) values (292,2,3,22);
insert  into `slots`(`slotid`,`dayid`,`slottypeid`,`roomid`) values (293,2,3,23);
insert  into `slots`(`slotid`,`dayid`,`slottypeid`,`roomid`) values (294,2,3,24);
insert  into `slots`(`slotid`,`dayid`,`slottypeid`,`roomid`) values (295,2,3,25);
insert  into `slots`(`slotid`,`dayid`,`slottypeid`,`roomid`) values (296,2,3,26);
insert  into `slots`(`slotid`,`dayid`,`slottypeid`,`roomid`) values (297,2,3,27);
insert  into `slots`(`slotid`,`dayid`,`slottypeid`,`roomid`) values (298,2,3,28);
insert  into `slots`(`slotid`,`dayid`,`slottypeid`,`roomid`) values (299,2,3,29);
insert  into `slots`(`slotid`,`dayid`,`slottypeid`,`roomid`) values (300,2,3,30);
insert  into `slots`(`slotid`,`dayid`,`slottypeid`,`roomid`) values (301,2,3,32);
insert  into `slots`(`slotid`,`dayid`,`slottypeid`,`roomid`) values (302,2,3,33);
insert  into `slots`(`slotid`,`dayid`,`slottypeid`,`roomid`) values (303,2,3,34);
insert  into `slots`(`slotid`,`dayid`,`slottypeid`,`roomid`) values (304,2,3,35);
insert  into `slots`(`slotid`,`dayid`,`slottypeid`,`roomid`) values (305,2,3,36);
insert  into `slots`(`slotid`,`dayid`,`slottypeid`,`roomid`) values (306,2,3,37);
insert  into `slots`(`slotid`,`dayid`,`slottypeid`,`roomid`) values (307,2,3,38);
insert  into `slots`(`slotid`,`dayid`,`slottypeid`,`roomid`) values (308,2,3,39);
insert  into `slots`(`slotid`,`dayid`,`slottypeid`,`roomid`) values (309,2,3,40);
insert  into `slots`(`slotid`,`dayid`,`slottypeid`,`roomid`) values (310,2,3,41);
insert  into `slots`(`slotid`,`dayid`,`slottypeid`,`roomid`) values (311,2,3,42);
insert  into `slots`(`slotid`,`dayid`,`slottypeid`,`roomid`) values (312,2,3,43);
insert  into `slots`(`slotid`,`dayid`,`slottypeid`,`roomid`) values (313,2,3,44);
insert  into `slots`(`slotid`,`dayid`,`slottypeid`,`roomid`) values (314,2,3,45);
insert  into `slots`(`slotid`,`dayid`,`slottypeid`,`roomid`) values (315,2,3,46);
insert  into `slots`(`slotid`,`dayid`,`slottypeid`,`roomid`) values (316,2,4,1);
insert  into `slots`(`slotid`,`dayid`,`slottypeid`,`roomid`) values (317,2,4,2);
insert  into `slots`(`slotid`,`dayid`,`slottypeid`,`roomid`) values (318,2,4,3);
insert  into `slots`(`slotid`,`dayid`,`slottypeid`,`roomid`) values (319,2,4,4);
insert  into `slots`(`slotid`,`dayid`,`slottypeid`,`roomid`) values (320,2,4,5);
insert  into `slots`(`slotid`,`dayid`,`slottypeid`,`roomid`) values (321,2,4,6);
insert  into `slots`(`slotid`,`dayid`,`slottypeid`,`roomid`) values (322,2,4,7);
insert  into `slots`(`slotid`,`dayid`,`slottypeid`,`roomid`) values (323,2,4,8);
insert  into `slots`(`slotid`,`dayid`,`slottypeid`,`roomid`) values (324,2,4,9);
insert  into `slots`(`slotid`,`dayid`,`slottypeid`,`roomid`) values (325,2,4,10);
insert  into `slots`(`slotid`,`dayid`,`slottypeid`,`roomid`) values (326,2,4,11);
insert  into `slots`(`slotid`,`dayid`,`slottypeid`,`roomid`) values (327,2,4,12);
insert  into `slots`(`slotid`,`dayid`,`slottypeid`,`roomid`) values (328,2,4,13);
insert  into `slots`(`slotid`,`dayid`,`slottypeid`,`roomid`) values (329,2,4,14);
insert  into `slots`(`slotid`,`dayid`,`slottypeid`,`roomid`) values (330,2,4,15);
insert  into `slots`(`slotid`,`dayid`,`slottypeid`,`roomid`) values (331,2,4,16);
insert  into `slots`(`slotid`,`dayid`,`slottypeid`,`roomid`) values (332,2,4,17);
insert  into `slots`(`slotid`,`dayid`,`slottypeid`,`roomid`) values (333,2,4,18);
insert  into `slots`(`slotid`,`dayid`,`slottypeid`,`roomid`) values (334,2,4,19);
insert  into `slots`(`slotid`,`dayid`,`slottypeid`,`roomid`) values (335,2,4,20);
insert  into `slots`(`slotid`,`dayid`,`slottypeid`,`roomid`) values (336,2,4,21);
insert  into `slots`(`slotid`,`dayid`,`slottypeid`,`roomid`) values (337,2,4,22);
insert  into `slots`(`slotid`,`dayid`,`slottypeid`,`roomid`) values (338,2,4,23);
insert  into `slots`(`slotid`,`dayid`,`slottypeid`,`roomid`) values (339,2,4,24);
insert  into `slots`(`slotid`,`dayid`,`slottypeid`,`roomid`) values (340,2,4,25);
insert  into `slots`(`slotid`,`dayid`,`slottypeid`,`roomid`) values (341,2,4,26);
insert  into `slots`(`slotid`,`dayid`,`slottypeid`,`roomid`) values (342,2,4,27);
insert  into `slots`(`slotid`,`dayid`,`slottypeid`,`roomid`) values (343,2,4,28);
insert  into `slots`(`slotid`,`dayid`,`slottypeid`,`roomid`) values (344,2,4,29);
insert  into `slots`(`slotid`,`dayid`,`slottypeid`,`roomid`) values (345,2,4,30);
insert  into `slots`(`slotid`,`dayid`,`slottypeid`,`roomid`) values (346,2,4,32);
insert  into `slots`(`slotid`,`dayid`,`slottypeid`,`roomid`) values (347,2,4,33);
insert  into `slots`(`slotid`,`dayid`,`slottypeid`,`roomid`) values (348,2,4,34);
insert  into `slots`(`slotid`,`dayid`,`slottypeid`,`roomid`) values (349,2,4,35);
insert  into `slots`(`slotid`,`dayid`,`slottypeid`,`roomid`) values (350,2,4,36);
insert  into `slots`(`slotid`,`dayid`,`slottypeid`,`roomid`) values (351,2,4,37);
insert  into `slots`(`slotid`,`dayid`,`slottypeid`,`roomid`) values (352,2,4,38);
insert  into `slots`(`slotid`,`dayid`,`slottypeid`,`roomid`) values (353,2,4,39);
insert  into `slots`(`slotid`,`dayid`,`slottypeid`,`roomid`) values (354,2,4,40);
insert  into `slots`(`slotid`,`dayid`,`slottypeid`,`roomid`) values (355,2,4,41);
insert  into `slots`(`slotid`,`dayid`,`slottypeid`,`roomid`) values (356,2,4,42);
insert  into `slots`(`slotid`,`dayid`,`slottypeid`,`roomid`) values (357,2,4,43);
insert  into `slots`(`slotid`,`dayid`,`slottypeid`,`roomid`) values (358,2,4,44);
insert  into `slots`(`slotid`,`dayid`,`slottypeid`,`roomid`) values (359,2,4,45);
insert  into `slots`(`slotid`,`dayid`,`slottypeid`,`roomid`) values (360,2,4,46);
insert  into `slots`(`slotid`,`dayid`,`slottypeid`,`roomid`) values (361,3,1,1);
insert  into `slots`(`slotid`,`dayid`,`slottypeid`,`roomid`) values (362,3,1,2);
insert  into `slots`(`slotid`,`dayid`,`slottypeid`,`roomid`) values (363,3,1,3);
insert  into `slots`(`slotid`,`dayid`,`slottypeid`,`roomid`) values (364,3,1,4);
insert  into `slots`(`slotid`,`dayid`,`slottypeid`,`roomid`) values (365,3,1,5);
insert  into `slots`(`slotid`,`dayid`,`slottypeid`,`roomid`) values (366,3,1,6);
insert  into `slots`(`slotid`,`dayid`,`slottypeid`,`roomid`) values (367,3,1,7);
insert  into `slots`(`slotid`,`dayid`,`slottypeid`,`roomid`) values (368,3,1,8);
insert  into `slots`(`slotid`,`dayid`,`slottypeid`,`roomid`) values (369,3,1,9);
insert  into `slots`(`slotid`,`dayid`,`slottypeid`,`roomid`) values (370,3,1,10);
insert  into `slots`(`slotid`,`dayid`,`slottypeid`,`roomid`) values (371,3,1,11);
insert  into `slots`(`slotid`,`dayid`,`slottypeid`,`roomid`) values (372,3,1,12);
insert  into `slots`(`slotid`,`dayid`,`slottypeid`,`roomid`) values (373,3,1,13);
insert  into `slots`(`slotid`,`dayid`,`slottypeid`,`roomid`) values (374,3,1,14);
insert  into `slots`(`slotid`,`dayid`,`slottypeid`,`roomid`) values (375,3,1,15);
insert  into `slots`(`slotid`,`dayid`,`slottypeid`,`roomid`) values (376,3,1,16);
insert  into `slots`(`slotid`,`dayid`,`slottypeid`,`roomid`) values (377,3,1,17);
insert  into `slots`(`slotid`,`dayid`,`slottypeid`,`roomid`) values (378,3,1,18);
insert  into `slots`(`slotid`,`dayid`,`slottypeid`,`roomid`) values (379,3,1,19);
insert  into `slots`(`slotid`,`dayid`,`slottypeid`,`roomid`) values (380,3,1,20);
insert  into `slots`(`slotid`,`dayid`,`slottypeid`,`roomid`) values (381,3,1,21);
insert  into `slots`(`slotid`,`dayid`,`slottypeid`,`roomid`) values (382,3,1,22);
insert  into `slots`(`slotid`,`dayid`,`slottypeid`,`roomid`) values (383,3,1,23);
insert  into `slots`(`slotid`,`dayid`,`slottypeid`,`roomid`) values (384,3,1,24);
insert  into `slots`(`slotid`,`dayid`,`slottypeid`,`roomid`) values (385,3,1,25);
insert  into `slots`(`slotid`,`dayid`,`slottypeid`,`roomid`) values (386,3,1,26);
insert  into `slots`(`slotid`,`dayid`,`slottypeid`,`roomid`) values (387,3,1,27);
insert  into `slots`(`slotid`,`dayid`,`slottypeid`,`roomid`) values (388,3,1,28);
insert  into `slots`(`slotid`,`dayid`,`slottypeid`,`roomid`) values (389,3,1,29);
insert  into `slots`(`slotid`,`dayid`,`slottypeid`,`roomid`) values (390,3,1,30);
insert  into `slots`(`slotid`,`dayid`,`slottypeid`,`roomid`) values (391,3,1,32);
insert  into `slots`(`slotid`,`dayid`,`slottypeid`,`roomid`) values (392,3,1,33);
insert  into `slots`(`slotid`,`dayid`,`slottypeid`,`roomid`) values (393,3,1,34);
insert  into `slots`(`slotid`,`dayid`,`slottypeid`,`roomid`) values (394,3,1,35);
insert  into `slots`(`slotid`,`dayid`,`slottypeid`,`roomid`) values (395,3,1,36);
insert  into `slots`(`slotid`,`dayid`,`slottypeid`,`roomid`) values (396,3,1,37);
insert  into `slots`(`slotid`,`dayid`,`slottypeid`,`roomid`) values (397,3,1,38);
insert  into `slots`(`slotid`,`dayid`,`slottypeid`,`roomid`) values (398,3,1,39);
insert  into `slots`(`slotid`,`dayid`,`slottypeid`,`roomid`) values (399,3,1,40);
insert  into `slots`(`slotid`,`dayid`,`slottypeid`,`roomid`) values (400,3,1,41);
insert  into `slots`(`slotid`,`dayid`,`slottypeid`,`roomid`) values (401,3,1,42);
insert  into `slots`(`slotid`,`dayid`,`slottypeid`,`roomid`) values (402,3,1,43);
insert  into `slots`(`slotid`,`dayid`,`slottypeid`,`roomid`) values (403,3,1,44);
insert  into `slots`(`slotid`,`dayid`,`slottypeid`,`roomid`) values (404,3,1,45);
insert  into `slots`(`slotid`,`dayid`,`slottypeid`,`roomid`) values (405,3,1,46);
insert  into `slots`(`slotid`,`dayid`,`slottypeid`,`roomid`) values (406,3,2,1);
insert  into `slots`(`slotid`,`dayid`,`slottypeid`,`roomid`) values (407,3,2,2);
insert  into `slots`(`slotid`,`dayid`,`slottypeid`,`roomid`) values (408,3,2,3);
insert  into `slots`(`slotid`,`dayid`,`slottypeid`,`roomid`) values (409,3,2,4);
insert  into `slots`(`slotid`,`dayid`,`slottypeid`,`roomid`) values (410,3,2,5);
insert  into `slots`(`slotid`,`dayid`,`slottypeid`,`roomid`) values (411,3,2,6);
insert  into `slots`(`slotid`,`dayid`,`slottypeid`,`roomid`) values (412,3,2,7);
insert  into `slots`(`slotid`,`dayid`,`slottypeid`,`roomid`) values (413,3,2,8);
insert  into `slots`(`slotid`,`dayid`,`slottypeid`,`roomid`) values (414,3,2,9);
insert  into `slots`(`slotid`,`dayid`,`slottypeid`,`roomid`) values (415,3,2,10);
insert  into `slots`(`slotid`,`dayid`,`slottypeid`,`roomid`) values (416,3,2,11);
insert  into `slots`(`slotid`,`dayid`,`slottypeid`,`roomid`) values (417,3,2,12);
insert  into `slots`(`slotid`,`dayid`,`slottypeid`,`roomid`) values (418,3,2,13);
insert  into `slots`(`slotid`,`dayid`,`slottypeid`,`roomid`) values (419,3,2,14);
insert  into `slots`(`slotid`,`dayid`,`slottypeid`,`roomid`) values (420,3,2,15);
insert  into `slots`(`slotid`,`dayid`,`slottypeid`,`roomid`) values (421,3,2,16);
insert  into `slots`(`slotid`,`dayid`,`slottypeid`,`roomid`) values (422,3,2,17);
insert  into `slots`(`slotid`,`dayid`,`slottypeid`,`roomid`) values (423,3,2,18);
insert  into `slots`(`slotid`,`dayid`,`slottypeid`,`roomid`) values (424,3,2,19);
insert  into `slots`(`slotid`,`dayid`,`slottypeid`,`roomid`) values (425,3,2,20);
insert  into `slots`(`slotid`,`dayid`,`slottypeid`,`roomid`) values (426,3,2,21);
insert  into `slots`(`slotid`,`dayid`,`slottypeid`,`roomid`) values (427,3,2,22);
insert  into `slots`(`slotid`,`dayid`,`slottypeid`,`roomid`) values (428,3,2,23);
insert  into `slots`(`slotid`,`dayid`,`slottypeid`,`roomid`) values (429,3,2,24);
insert  into `slots`(`slotid`,`dayid`,`slottypeid`,`roomid`) values (430,3,2,25);
insert  into `slots`(`slotid`,`dayid`,`slottypeid`,`roomid`) values (431,3,2,26);
insert  into `slots`(`slotid`,`dayid`,`slottypeid`,`roomid`) values (432,3,2,27);
insert  into `slots`(`slotid`,`dayid`,`slottypeid`,`roomid`) values (433,3,2,28);
insert  into `slots`(`slotid`,`dayid`,`slottypeid`,`roomid`) values (434,3,2,29);
insert  into `slots`(`slotid`,`dayid`,`slottypeid`,`roomid`) values (435,3,2,30);
insert  into `slots`(`slotid`,`dayid`,`slottypeid`,`roomid`) values (436,3,2,32);
insert  into `slots`(`slotid`,`dayid`,`slottypeid`,`roomid`) values (437,3,2,33);
insert  into `slots`(`slotid`,`dayid`,`slottypeid`,`roomid`) values (438,3,2,34);
insert  into `slots`(`slotid`,`dayid`,`slottypeid`,`roomid`) values (439,3,2,35);
insert  into `slots`(`slotid`,`dayid`,`slottypeid`,`roomid`) values (440,3,2,36);
insert  into `slots`(`slotid`,`dayid`,`slottypeid`,`roomid`) values (441,3,2,37);
insert  into `slots`(`slotid`,`dayid`,`slottypeid`,`roomid`) values (442,3,2,38);
insert  into `slots`(`slotid`,`dayid`,`slottypeid`,`roomid`) values (443,3,2,39);
insert  into `slots`(`slotid`,`dayid`,`slottypeid`,`roomid`) values (444,3,2,40);
insert  into `slots`(`slotid`,`dayid`,`slottypeid`,`roomid`) values (445,3,2,41);
insert  into `slots`(`slotid`,`dayid`,`slottypeid`,`roomid`) values (446,3,2,42);
insert  into `slots`(`slotid`,`dayid`,`slottypeid`,`roomid`) values (447,3,2,43);
insert  into `slots`(`slotid`,`dayid`,`slottypeid`,`roomid`) values (448,3,2,44);
insert  into `slots`(`slotid`,`dayid`,`slottypeid`,`roomid`) values (449,3,2,45);
insert  into `slots`(`slotid`,`dayid`,`slottypeid`,`roomid`) values (450,3,2,46);
insert  into `slots`(`slotid`,`dayid`,`slottypeid`,`roomid`) values (451,3,3,1);
insert  into `slots`(`slotid`,`dayid`,`slottypeid`,`roomid`) values (452,3,3,2);
insert  into `slots`(`slotid`,`dayid`,`slottypeid`,`roomid`) values (453,3,3,3);
insert  into `slots`(`slotid`,`dayid`,`slottypeid`,`roomid`) values (454,3,3,4);
insert  into `slots`(`slotid`,`dayid`,`slottypeid`,`roomid`) values (455,3,3,5);
insert  into `slots`(`slotid`,`dayid`,`slottypeid`,`roomid`) values (456,3,3,6);
insert  into `slots`(`slotid`,`dayid`,`slottypeid`,`roomid`) values (457,3,3,7);
insert  into `slots`(`slotid`,`dayid`,`slottypeid`,`roomid`) values (458,3,3,8);
insert  into `slots`(`slotid`,`dayid`,`slottypeid`,`roomid`) values (459,3,3,9);
insert  into `slots`(`slotid`,`dayid`,`slottypeid`,`roomid`) values (460,3,3,10);
insert  into `slots`(`slotid`,`dayid`,`slottypeid`,`roomid`) values (461,3,3,11);
insert  into `slots`(`slotid`,`dayid`,`slottypeid`,`roomid`) values (462,3,3,12);
insert  into `slots`(`slotid`,`dayid`,`slottypeid`,`roomid`) values (463,3,3,13);
insert  into `slots`(`slotid`,`dayid`,`slottypeid`,`roomid`) values (464,3,3,14);
insert  into `slots`(`slotid`,`dayid`,`slottypeid`,`roomid`) values (465,3,3,15);
insert  into `slots`(`slotid`,`dayid`,`slottypeid`,`roomid`) values (466,3,3,16);
insert  into `slots`(`slotid`,`dayid`,`slottypeid`,`roomid`) values (467,3,3,17);
insert  into `slots`(`slotid`,`dayid`,`slottypeid`,`roomid`) values (468,3,3,18);
insert  into `slots`(`slotid`,`dayid`,`slottypeid`,`roomid`) values (469,3,3,19);
insert  into `slots`(`slotid`,`dayid`,`slottypeid`,`roomid`) values (470,3,3,20);
insert  into `slots`(`slotid`,`dayid`,`slottypeid`,`roomid`) values (471,3,3,21);
insert  into `slots`(`slotid`,`dayid`,`slottypeid`,`roomid`) values (472,3,3,22);
insert  into `slots`(`slotid`,`dayid`,`slottypeid`,`roomid`) values (473,3,3,23);
insert  into `slots`(`slotid`,`dayid`,`slottypeid`,`roomid`) values (474,3,3,24);
insert  into `slots`(`slotid`,`dayid`,`slottypeid`,`roomid`) values (475,3,3,25);
insert  into `slots`(`slotid`,`dayid`,`slottypeid`,`roomid`) values (476,3,3,26);
insert  into `slots`(`slotid`,`dayid`,`slottypeid`,`roomid`) values (477,3,3,27);
insert  into `slots`(`slotid`,`dayid`,`slottypeid`,`roomid`) values (478,3,3,28);
insert  into `slots`(`slotid`,`dayid`,`slottypeid`,`roomid`) values (479,3,3,29);
insert  into `slots`(`slotid`,`dayid`,`slottypeid`,`roomid`) values (480,3,3,30);
insert  into `slots`(`slotid`,`dayid`,`slottypeid`,`roomid`) values (481,3,3,32);
insert  into `slots`(`slotid`,`dayid`,`slottypeid`,`roomid`) values (482,3,3,33);
insert  into `slots`(`slotid`,`dayid`,`slottypeid`,`roomid`) values (483,3,3,34);
insert  into `slots`(`slotid`,`dayid`,`slottypeid`,`roomid`) values (484,3,3,35);
insert  into `slots`(`slotid`,`dayid`,`slottypeid`,`roomid`) values (485,3,3,36);
insert  into `slots`(`slotid`,`dayid`,`slottypeid`,`roomid`) values (486,3,3,37);
insert  into `slots`(`slotid`,`dayid`,`slottypeid`,`roomid`) values (487,3,3,38);
insert  into `slots`(`slotid`,`dayid`,`slottypeid`,`roomid`) values (488,3,3,39);
insert  into `slots`(`slotid`,`dayid`,`slottypeid`,`roomid`) values (489,3,3,40);
insert  into `slots`(`slotid`,`dayid`,`slottypeid`,`roomid`) values (490,3,3,41);
insert  into `slots`(`slotid`,`dayid`,`slottypeid`,`roomid`) values (491,3,3,42);
insert  into `slots`(`slotid`,`dayid`,`slottypeid`,`roomid`) values (492,3,3,43);
insert  into `slots`(`slotid`,`dayid`,`slottypeid`,`roomid`) values (493,3,3,44);
insert  into `slots`(`slotid`,`dayid`,`slottypeid`,`roomid`) values (494,3,3,45);
insert  into `slots`(`slotid`,`dayid`,`slottypeid`,`roomid`) values (495,3,3,46);
insert  into `slots`(`slotid`,`dayid`,`slottypeid`,`roomid`) values (496,3,4,1);
insert  into `slots`(`slotid`,`dayid`,`slottypeid`,`roomid`) values (497,3,4,2);
insert  into `slots`(`slotid`,`dayid`,`slottypeid`,`roomid`) values (498,3,4,3);
insert  into `slots`(`slotid`,`dayid`,`slottypeid`,`roomid`) values (499,3,4,4);
insert  into `slots`(`slotid`,`dayid`,`slottypeid`,`roomid`) values (500,3,4,5);
insert  into `slots`(`slotid`,`dayid`,`slottypeid`,`roomid`) values (501,3,4,6);
insert  into `slots`(`slotid`,`dayid`,`slottypeid`,`roomid`) values (502,3,4,7);
insert  into `slots`(`slotid`,`dayid`,`slottypeid`,`roomid`) values (503,3,4,8);
insert  into `slots`(`slotid`,`dayid`,`slottypeid`,`roomid`) values (504,3,4,9);
insert  into `slots`(`slotid`,`dayid`,`slottypeid`,`roomid`) values (505,3,4,10);
insert  into `slots`(`slotid`,`dayid`,`slottypeid`,`roomid`) values (506,3,4,11);
insert  into `slots`(`slotid`,`dayid`,`slottypeid`,`roomid`) values (507,3,4,12);
insert  into `slots`(`slotid`,`dayid`,`slottypeid`,`roomid`) values (508,3,4,13);
insert  into `slots`(`slotid`,`dayid`,`slottypeid`,`roomid`) values (509,3,4,14);
insert  into `slots`(`slotid`,`dayid`,`slottypeid`,`roomid`) values (510,3,4,15);
insert  into `slots`(`slotid`,`dayid`,`slottypeid`,`roomid`) values (511,3,4,16);
insert  into `slots`(`slotid`,`dayid`,`slottypeid`,`roomid`) values (512,3,4,17);
insert  into `slots`(`slotid`,`dayid`,`slottypeid`,`roomid`) values (513,3,4,18);
insert  into `slots`(`slotid`,`dayid`,`slottypeid`,`roomid`) values (514,3,4,19);
insert  into `slots`(`slotid`,`dayid`,`slottypeid`,`roomid`) values (515,3,4,20);
insert  into `slots`(`slotid`,`dayid`,`slottypeid`,`roomid`) values (516,3,4,21);
insert  into `slots`(`slotid`,`dayid`,`slottypeid`,`roomid`) values (517,3,4,22);
insert  into `slots`(`slotid`,`dayid`,`slottypeid`,`roomid`) values (518,3,4,23);
insert  into `slots`(`slotid`,`dayid`,`slottypeid`,`roomid`) values (519,3,4,24);
insert  into `slots`(`slotid`,`dayid`,`slottypeid`,`roomid`) values (520,3,4,25);
insert  into `slots`(`slotid`,`dayid`,`slottypeid`,`roomid`) values (521,3,4,26);
insert  into `slots`(`slotid`,`dayid`,`slottypeid`,`roomid`) values (522,3,4,27);
insert  into `slots`(`slotid`,`dayid`,`slottypeid`,`roomid`) values (523,3,4,28);
insert  into `slots`(`slotid`,`dayid`,`slottypeid`,`roomid`) values (524,3,4,29);
insert  into `slots`(`slotid`,`dayid`,`slottypeid`,`roomid`) values (525,3,4,30);
insert  into `slots`(`slotid`,`dayid`,`slottypeid`,`roomid`) values (526,3,4,32);
insert  into `slots`(`slotid`,`dayid`,`slottypeid`,`roomid`) values (527,3,4,33);
insert  into `slots`(`slotid`,`dayid`,`slottypeid`,`roomid`) values (528,3,4,34);
insert  into `slots`(`slotid`,`dayid`,`slottypeid`,`roomid`) values (529,3,4,35);
insert  into `slots`(`slotid`,`dayid`,`slottypeid`,`roomid`) values (530,3,4,36);
insert  into `slots`(`slotid`,`dayid`,`slottypeid`,`roomid`) values (531,3,4,37);
insert  into `slots`(`slotid`,`dayid`,`slottypeid`,`roomid`) values (532,3,4,38);
insert  into `slots`(`slotid`,`dayid`,`slottypeid`,`roomid`) values (533,3,4,39);
insert  into `slots`(`slotid`,`dayid`,`slottypeid`,`roomid`) values (534,3,4,40);
insert  into `slots`(`slotid`,`dayid`,`slottypeid`,`roomid`) values (535,3,4,41);
insert  into `slots`(`slotid`,`dayid`,`slottypeid`,`roomid`) values (536,3,4,42);
insert  into `slots`(`slotid`,`dayid`,`slottypeid`,`roomid`) values (537,3,4,43);
insert  into `slots`(`slotid`,`dayid`,`slottypeid`,`roomid`) values (538,3,4,44);
insert  into `slots`(`slotid`,`dayid`,`slottypeid`,`roomid`) values (539,3,4,45);
insert  into `slots`(`slotid`,`dayid`,`slottypeid`,`roomid`) values (540,3,4,46);
insert  into `slots`(`slotid`,`dayid`,`slottypeid`,`roomid`) values (541,4,1,1);
insert  into `slots`(`slotid`,`dayid`,`slottypeid`,`roomid`) values (542,4,1,2);
insert  into `slots`(`slotid`,`dayid`,`slottypeid`,`roomid`) values (543,4,1,3);
insert  into `slots`(`slotid`,`dayid`,`slottypeid`,`roomid`) values (544,4,1,4);
insert  into `slots`(`slotid`,`dayid`,`slottypeid`,`roomid`) values (545,4,1,5);
insert  into `slots`(`slotid`,`dayid`,`slottypeid`,`roomid`) values (546,4,1,6);
insert  into `slots`(`slotid`,`dayid`,`slottypeid`,`roomid`) values (547,4,1,7);
insert  into `slots`(`slotid`,`dayid`,`slottypeid`,`roomid`) values (548,4,1,8);
insert  into `slots`(`slotid`,`dayid`,`slottypeid`,`roomid`) values (549,4,1,9);
insert  into `slots`(`slotid`,`dayid`,`slottypeid`,`roomid`) values (550,4,1,10);
insert  into `slots`(`slotid`,`dayid`,`slottypeid`,`roomid`) values (551,4,1,11);
insert  into `slots`(`slotid`,`dayid`,`slottypeid`,`roomid`) values (552,4,1,12);
insert  into `slots`(`slotid`,`dayid`,`slottypeid`,`roomid`) values (553,4,1,13);
insert  into `slots`(`slotid`,`dayid`,`slottypeid`,`roomid`) values (554,4,1,14);
insert  into `slots`(`slotid`,`dayid`,`slottypeid`,`roomid`) values (555,4,1,15);
insert  into `slots`(`slotid`,`dayid`,`slottypeid`,`roomid`) values (556,4,1,16);
insert  into `slots`(`slotid`,`dayid`,`slottypeid`,`roomid`) values (557,4,1,17);
insert  into `slots`(`slotid`,`dayid`,`slottypeid`,`roomid`) values (558,4,1,18);
insert  into `slots`(`slotid`,`dayid`,`slottypeid`,`roomid`) values (559,4,1,19);
insert  into `slots`(`slotid`,`dayid`,`slottypeid`,`roomid`) values (560,4,1,20);
insert  into `slots`(`slotid`,`dayid`,`slottypeid`,`roomid`) values (561,4,1,21);
insert  into `slots`(`slotid`,`dayid`,`slottypeid`,`roomid`) values (562,4,1,22);
insert  into `slots`(`slotid`,`dayid`,`slottypeid`,`roomid`) values (563,4,1,23);
insert  into `slots`(`slotid`,`dayid`,`slottypeid`,`roomid`) values (564,4,1,24);
insert  into `slots`(`slotid`,`dayid`,`slottypeid`,`roomid`) values (565,4,1,25);
insert  into `slots`(`slotid`,`dayid`,`slottypeid`,`roomid`) values (566,4,1,26);
insert  into `slots`(`slotid`,`dayid`,`slottypeid`,`roomid`) values (567,4,1,27);
insert  into `slots`(`slotid`,`dayid`,`slottypeid`,`roomid`) values (568,4,1,28);
insert  into `slots`(`slotid`,`dayid`,`slottypeid`,`roomid`) values (569,4,1,29);
insert  into `slots`(`slotid`,`dayid`,`slottypeid`,`roomid`) values (570,4,1,30);
insert  into `slots`(`slotid`,`dayid`,`slottypeid`,`roomid`) values (571,4,1,32);
insert  into `slots`(`slotid`,`dayid`,`slottypeid`,`roomid`) values (572,4,1,33);
insert  into `slots`(`slotid`,`dayid`,`slottypeid`,`roomid`) values (573,4,1,34);
insert  into `slots`(`slotid`,`dayid`,`slottypeid`,`roomid`) values (574,4,1,35);
insert  into `slots`(`slotid`,`dayid`,`slottypeid`,`roomid`) values (575,4,1,36);
insert  into `slots`(`slotid`,`dayid`,`slottypeid`,`roomid`) values (576,4,1,37);
insert  into `slots`(`slotid`,`dayid`,`slottypeid`,`roomid`) values (577,4,1,38);
insert  into `slots`(`slotid`,`dayid`,`slottypeid`,`roomid`) values (578,4,1,39);
insert  into `slots`(`slotid`,`dayid`,`slottypeid`,`roomid`) values (579,4,1,40);
insert  into `slots`(`slotid`,`dayid`,`slottypeid`,`roomid`) values (580,4,1,41);
insert  into `slots`(`slotid`,`dayid`,`slottypeid`,`roomid`) values (581,4,1,42);
insert  into `slots`(`slotid`,`dayid`,`slottypeid`,`roomid`) values (582,4,1,43);
insert  into `slots`(`slotid`,`dayid`,`slottypeid`,`roomid`) values (583,4,1,44);
insert  into `slots`(`slotid`,`dayid`,`slottypeid`,`roomid`) values (584,4,1,45);
insert  into `slots`(`slotid`,`dayid`,`slottypeid`,`roomid`) values (585,4,1,46);
insert  into `slots`(`slotid`,`dayid`,`slottypeid`,`roomid`) values (586,4,2,1);
insert  into `slots`(`slotid`,`dayid`,`slottypeid`,`roomid`) values (587,4,2,2);
insert  into `slots`(`slotid`,`dayid`,`slottypeid`,`roomid`) values (588,4,2,3);
insert  into `slots`(`slotid`,`dayid`,`slottypeid`,`roomid`) values (589,4,2,4);
insert  into `slots`(`slotid`,`dayid`,`slottypeid`,`roomid`) values (590,4,2,5);
insert  into `slots`(`slotid`,`dayid`,`slottypeid`,`roomid`) values (591,4,2,6);
insert  into `slots`(`slotid`,`dayid`,`slottypeid`,`roomid`) values (592,4,2,7);
insert  into `slots`(`slotid`,`dayid`,`slottypeid`,`roomid`) values (593,4,2,8);
insert  into `slots`(`slotid`,`dayid`,`slottypeid`,`roomid`) values (594,4,2,9);
insert  into `slots`(`slotid`,`dayid`,`slottypeid`,`roomid`) values (595,4,2,10);
insert  into `slots`(`slotid`,`dayid`,`slottypeid`,`roomid`) values (596,4,2,11);
insert  into `slots`(`slotid`,`dayid`,`slottypeid`,`roomid`) values (597,4,2,12);
insert  into `slots`(`slotid`,`dayid`,`slottypeid`,`roomid`) values (598,4,2,13);
insert  into `slots`(`slotid`,`dayid`,`slottypeid`,`roomid`) values (599,4,2,14);
insert  into `slots`(`slotid`,`dayid`,`slottypeid`,`roomid`) values (600,4,2,15);
insert  into `slots`(`slotid`,`dayid`,`slottypeid`,`roomid`) values (601,4,2,16);
insert  into `slots`(`slotid`,`dayid`,`slottypeid`,`roomid`) values (602,4,2,17);
insert  into `slots`(`slotid`,`dayid`,`slottypeid`,`roomid`) values (603,4,2,18);
insert  into `slots`(`slotid`,`dayid`,`slottypeid`,`roomid`) values (604,4,2,19);
insert  into `slots`(`slotid`,`dayid`,`slottypeid`,`roomid`) values (605,4,2,20);
insert  into `slots`(`slotid`,`dayid`,`slottypeid`,`roomid`) values (606,4,2,21);
insert  into `slots`(`slotid`,`dayid`,`slottypeid`,`roomid`) values (607,4,2,22);
insert  into `slots`(`slotid`,`dayid`,`slottypeid`,`roomid`) values (608,4,2,23);
insert  into `slots`(`slotid`,`dayid`,`slottypeid`,`roomid`) values (609,4,2,24);
insert  into `slots`(`slotid`,`dayid`,`slottypeid`,`roomid`) values (610,4,2,25);
insert  into `slots`(`slotid`,`dayid`,`slottypeid`,`roomid`) values (611,4,2,26);
insert  into `slots`(`slotid`,`dayid`,`slottypeid`,`roomid`) values (612,4,2,27);
insert  into `slots`(`slotid`,`dayid`,`slottypeid`,`roomid`) values (613,4,2,28);
insert  into `slots`(`slotid`,`dayid`,`slottypeid`,`roomid`) values (614,4,2,29);
insert  into `slots`(`slotid`,`dayid`,`slottypeid`,`roomid`) values (615,4,2,30);
insert  into `slots`(`slotid`,`dayid`,`slottypeid`,`roomid`) values (616,4,2,32);
insert  into `slots`(`slotid`,`dayid`,`slottypeid`,`roomid`) values (617,4,2,33);
insert  into `slots`(`slotid`,`dayid`,`slottypeid`,`roomid`) values (618,4,2,34);
insert  into `slots`(`slotid`,`dayid`,`slottypeid`,`roomid`) values (619,4,2,35);
insert  into `slots`(`slotid`,`dayid`,`slottypeid`,`roomid`) values (620,4,2,36);
insert  into `slots`(`slotid`,`dayid`,`slottypeid`,`roomid`) values (621,4,2,37);
insert  into `slots`(`slotid`,`dayid`,`slottypeid`,`roomid`) values (622,4,2,38);
insert  into `slots`(`slotid`,`dayid`,`slottypeid`,`roomid`) values (623,4,2,39);
insert  into `slots`(`slotid`,`dayid`,`slottypeid`,`roomid`) values (624,4,2,40);
insert  into `slots`(`slotid`,`dayid`,`slottypeid`,`roomid`) values (625,4,2,41);
insert  into `slots`(`slotid`,`dayid`,`slottypeid`,`roomid`) values (626,4,2,42);
insert  into `slots`(`slotid`,`dayid`,`slottypeid`,`roomid`) values (627,4,2,43);
insert  into `slots`(`slotid`,`dayid`,`slottypeid`,`roomid`) values (628,4,2,44);
insert  into `slots`(`slotid`,`dayid`,`slottypeid`,`roomid`) values (629,4,2,45);
insert  into `slots`(`slotid`,`dayid`,`slottypeid`,`roomid`) values (630,4,2,46);
insert  into `slots`(`slotid`,`dayid`,`slottypeid`,`roomid`) values (631,4,3,1);
insert  into `slots`(`slotid`,`dayid`,`slottypeid`,`roomid`) values (632,4,3,2);
insert  into `slots`(`slotid`,`dayid`,`slottypeid`,`roomid`) values (633,4,3,3);
insert  into `slots`(`slotid`,`dayid`,`slottypeid`,`roomid`) values (634,4,3,4);
insert  into `slots`(`slotid`,`dayid`,`slottypeid`,`roomid`) values (635,4,3,5);
insert  into `slots`(`slotid`,`dayid`,`slottypeid`,`roomid`) values (636,4,3,6);
insert  into `slots`(`slotid`,`dayid`,`slottypeid`,`roomid`) values (637,4,3,7);
insert  into `slots`(`slotid`,`dayid`,`slottypeid`,`roomid`) values (638,4,3,8);
insert  into `slots`(`slotid`,`dayid`,`slottypeid`,`roomid`) values (639,4,3,9);
insert  into `slots`(`slotid`,`dayid`,`slottypeid`,`roomid`) values (640,4,3,10);
insert  into `slots`(`slotid`,`dayid`,`slottypeid`,`roomid`) values (641,4,3,11);
insert  into `slots`(`slotid`,`dayid`,`slottypeid`,`roomid`) values (642,4,3,12);
insert  into `slots`(`slotid`,`dayid`,`slottypeid`,`roomid`) values (643,4,3,13);
insert  into `slots`(`slotid`,`dayid`,`slottypeid`,`roomid`) values (644,4,3,14);
insert  into `slots`(`slotid`,`dayid`,`slottypeid`,`roomid`) values (645,4,3,15);
insert  into `slots`(`slotid`,`dayid`,`slottypeid`,`roomid`) values (646,4,3,16);
insert  into `slots`(`slotid`,`dayid`,`slottypeid`,`roomid`) values (647,4,3,17);
insert  into `slots`(`slotid`,`dayid`,`slottypeid`,`roomid`) values (648,4,3,18);
insert  into `slots`(`slotid`,`dayid`,`slottypeid`,`roomid`) values (649,4,3,19);
insert  into `slots`(`slotid`,`dayid`,`slottypeid`,`roomid`) values (650,4,3,20);
insert  into `slots`(`slotid`,`dayid`,`slottypeid`,`roomid`) values (651,4,3,21);
insert  into `slots`(`slotid`,`dayid`,`slottypeid`,`roomid`) values (652,4,3,22);
insert  into `slots`(`slotid`,`dayid`,`slottypeid`,`roomid`) values (653,4,3,23);
insert  into `slots`(`slotid`,`dayid`,`slottypeid`,`roomid`) values (654,4,3,24);
insert  into `slots`(`slotid`,`dayid`,`slottypeid`,`roomid`) values (655,4,3,25);
insert  into `slots`(`slotid`,`dayid`,`slottypeid`,`roomid`) values (656,4,3,26);
insert  into `slots`(`slotid`,`dayid`,`slottypeid`,`roomid`) values (657,4,3,27);
insert  into `slots`(`slotid`,`dayid`,`slottypeid`,`roomid`) values (658,4,3,28);
insert  into `slots`(`slotid`,`dayid`,`slottypeid`,`roomid`) values (659,4,3,29);
insert  into `slots`(`slotid`,`dayid`,`slottypeid`,`roomid`) values (660,4,3,30);
insert  into `slots`(`slotid`,`dayid`,`slottypeid`,`roomid`) values (661,4,3,32);
insert  into `slots`(`slotid`,`dayid`,`slottypeid`,`roomid`) values (662,4,3,33);
insert  into `slots`(`slotid`,`dayid`,`slottypeid`,`roomid`) values (663,4,3,34);
insert  into `slots`(`slotid`,`dayid`,`slottypeid`,`roomid`) values (664,4,3,35);
insert  into `slots`(`slotid`,`dayid`,`slottypeid`,`roomid`) values (665,4,3,36);
insert  into `slots`(`slotid`,`dayid`,`slottypeid`,`roomid`) values (666,4,3,37);
insert  into `slots`(`slotid`,`dayid`,`slottypeid`,`roomid`) values (667,4,3,38);
insert  into `slots`(`slotid`,`dayid`,`slottypeid`,`roomid`) values (668,4,3,39);
insert  into `slots`(`slotid`,`dayid`,`slottypeid`,`roomid`) values (669,4,3,40);
insert  into `slots`(`slotid`,`dayid`,`slottypeid`,`roomid`) values (670,4,3,41);
insert  into `slots`(`slotid`,`dayid`,`slottypeid`,`roomid`) values (671,4,3,42);
insert  into `slots`(`slotid`,`dayid`,`slottypeid`,`roomid`) values (672,4,3,43);
insert  into `slots`(`slotid`,`dayid`,`slottypeid`,`roomid`) values (673,4,3,44);
insert  into `slots`(`slotid`,`dayid`,`slottypeid`,`roomid`) values (674,4,3,45);
insert  into `slots`(`slotid`,`dayid`,`slottypeid`,`roomid`) values (675,4,3,46);
insert  into `slots`(`slotid`,`dayid`,`slottypeid`,`roomid`) values (676,4,4,1);
insert  into `slots`(`slotid`,`dayid`,`slottypeid`,`roomid`) values (677,4,4,2);
insert  into `slots`(`slotid`,`dayid`,`slottypeid`,`roomid`) values (678,4,4,3);
insert  into `slots`(`slotid`,`dayid`,`slottypeid`,`roomid`) values (679,4,4,4);
insert  into `slots`(`slotid`,`dayid`,`slottypeid`,`roomid`) values (680,4,4,5);
insert  into `slots`(`slotid`,`dayid`,`slottypeid`,`roomid`) values (681,4,4,6);
insert  into `slots`(`slotid`,`dayid`,`slottypeid`,`roomid`) values (682,4,4,7);
insert  into `slots`(`slotid`,`dayid`,`slottypeid`,`roomid`) values (683,4,4,8);
insert  into `slots`(`slotid`,`dayid`,`slottypeid`,`roomid`) values (684,4,4,9);
insert  into `slots`(`slotid`,`dayid`,`slottypeid`,`roomid`) values (685,4,4,10);
insert  into `slots`(`slotid`,`dayid`,`slottypeid`,`roomid`) values (686,4,4,11);
insert  into `slots`(`slotid`,`dayid`,`slottypeid`,`roomid`) values (687,4,4,12);
insert  into `slots`(`slotid`,`dayid`,`slottypeid`,`roomid`) values (688,4,4,13);
insert  into `slots`(`slotid`,`dayid`,`slottypeid`,`roomid`) values (689,4,4,14);
insert  into `slots`(`slotid`,`dayid`,`slottypeid`,`roomid`) values (690,4,4,15);
insert  into `slots`(`slotid`,`dayid`,`slottypeid`,`roomid`) values (691,4,4,16);
insert  into `slots`(`slotid`,`dayid`,`slottypeid`,`roomid`) values (692,4,4,17);
insert  into `slots`(`slotid`,`dayid`,`slottypeid`,`roomid`) values (693,4,4,18);
insert  into `slots`(`slotid`,`dayid`,`slottypeid`,`roomid`) values (694,4,4,19);
insert  into `slots`(`slotid`,`dayid`,`slottypeid`,`roomid`) values (695,4,4,20);
insert  into `slots`(`slotid`,`dayid`,`slottypeid`,`roomid`) values (696,4,4,21);
insert  into `slots`(`slotid`,`dayid`,`slottypeid`,`roomid`) values (697,4,4,22);
insert  into `slots`(`slotid`,`dayid`,`slottypeid`,`roomid`) values (698,4,4,23);
insert  into `slots`(`slotid`,`dayid`,`slottypeid`,`roomid`) values (699,4,4,24);
insert  into `slots`(`slotid`,`dayid`,`slottypeid`,`roomid`) values (700,4,4,25);
insert  into `slots`(`slotid`,`dayid`,`slottypeid`,`roomid`) values (701,4,4,26);
insert  into `slots`(`slotid`,`dayid`,`slottypeid`,`roomid`) values (702,4,4,27);
insert  into `slots`(`slotid`,`dayid`,`slottypeid`,`roomid`) values (703,4,4,28);
insert  into `slots`(`slotid`,`dayid`,`slottypeid`,`roomid`) values (704,4,4,29);
insert  into `slots`(`slotid`,`dayid`,`slottypeid`,`roomid`) values (705,4,4,30);
insert  into `slots`(`slotid`,`dayid`,`slottypeid`,`roomid`) values (706,4,4,32);
insert  into `slots`(`slotid`,`dayid`,`slottypeid`,`roomid`) values (707,4,4,33);
insert  into `slots`(`slotid`,`dayid`,`slottypeid`,`roomid`) values (708,4,4,34);
insert  into `slots`(`slotid`,`dayid`,`slottypeid`,`roomid`) values (709,4,4,35);
insert  into `slots`(`slotid`,`dayid`,`slottypeid`,`roomid`) values (710,4,4,36);
insert  into `slots`(`slotid`,`dayid`,`slottypeid`,`roomid`) values (711,4,4,37);
insert  into `slots`(`slotid`,`dayid`,`slottypeid`,`roomid`) values (712,4,4,38);
insert  into `slots`(`slotid`,`dayid`,`slottypeid`,`roomid`) values (713,4,4,39);
insert  into `slots`(`slotid`,`dayid`,`slottypeid`,`roomid`) values (714,4,4,40);
insert  into `slots`(`slotid`,`dayid`,`slottypeid`,`roomid`) values (715,4,4,41);
insert  into `slots`(`slotid`,`dayid`,`slottypeid`,`roomid`) values (716,4,4,42);
insert  into `slots`(`slotid`,`dayid`,`slottypeid`,`roomid`) values (717,4,4,43);
insert  into `slots`(`slotid`,`dayid`,`slottypeid`,`roomid`) values (718,4,4,44);
insert  into `slots`(`slotid`,`dayid`,`slottypeid`,`roomid`) values (719,4,4,45);
insert  into `slots`(`slotid`,`dayid`,`slottypeid`,`roomid`) values (720,4,4,46);
insert  into `slots`(`slotid`,`dayid`,`slottypeid`,`roomid`) values (721,5,1,1);
insert  into `slots`(`slotid`,`dayid`,`slottypeid`,`roomid`) values (722,5,1,2);
insert  into `slots`(`slotid`,`dayid`,`slottypeid`,`roomid`) values (723,5,1,3);
insert  into `slots`(`slotid`,`dayid`,`slottypeid`,`roomid`) values (724,5,1,4);
insert  into `slots`(`slotid`,`dayid`,`slottypeid`,`roomid`) values (725,5,1,5);
insert  into `slots`(`slotid`,`dayid`,`slottypeid`,`roomid`) values (726,5,1,6);
insert  into `slots`(`slotid`,`dayid`,`slottypeid`,`roomid`) values (727,5,1,7);
insert  into `slots`(`slotid`,`dayid`,`slottypeid`,`roomid`) values (728,5,1,8);
insert  into `slots`(`slotid`,`dayid`,`slottypeid`,`roomid`) values (729,5,1,9);
insert  into `slots`(`slotid`,`dayid`,`slottypeid`,`roomid`) values (730,5,1,10);
insert  into `slots`(`slotid`,`dayid`,`slottypeid`,`roomid`) values (731,5,1,11);
insert  into `slots`(`slotid`,`dayid`,`slottypeid`,`roomid`) values (732,5,1,12);
insert  into `slots`(`slotid`,`dayid`,`slottypeid`,`roomid`) values (733,5,1,13);
insert  into `slots`(`slotid`,`dayid`,`slottypeid`,`roomid`) values (734,5,1,14);
insert  into `slots`(`slotid`,`dayid`,`slottypeid`,`roomid`) values (735,5,1,15);
insert  into `slots`(`slotid`,`dayid`,`slottypeid`,`roomid`) values (736,5,1,16);
insert  into `slots`(`slotid`,`dayid`,`slottypeid`,`roomid`) values (737,5,1,17);
insert  into `slots`(`slotid`,`dayid`,`slottypeid`,`roomid`) values (738,5,1,18);
insert  into `slots`(`slotid`,`dayid`,`slottypeid`,`roomid`) values (739,5,1,19);
insert  into `slots`(`slotid`,`dayid`,`slottypeid`,`roomid`) values (740,5,1,20);
insert  into `slots`(`slotid`,`dayid`,`slottypeid`,`roomid`) values (741,5,1,21);
insert  into `slots`(`slotid`,`dayid`,`slottypeid`,`roomid`) values (742,5,1,22);
insert  into `slots`(`slotid`,`dayid`,`slottypeid`,`roomid`) values (743,5,1,23);
insert  into `slots`(`slotid`,`dayid`,`slottypeid`,`roomid`) values (744,5,1,24);
insert  into `slots`(`slotid`,`dayid`,`slottypeid`,`roomid`) values (745,5,1,25);
insert  into `slots`(`slotid`,`dayid`,`slottypeid`,`roomid`) values (746,5,1,26);
insert  into `slots`(`slotid`,`dayid`,`slottypeid`,`roomid`) values (747,5,1,27);
insert  into `slots`(`slotid`,`dayid`,`slottypeid`,`roomid`) values (748,5,1,28);
insert  into `slots`(`slotid`,`dayid`,`slottypeid`,`roomid`) values (749,5,1,29);
insert  into `slots`(`slotid`,`dayid`,`slottypeid`,`roomid`) values (750,5,1,30);
insert  into `slots`(`slotid`,`dayid`,`slottypeid`,`roomid`) values (751,5,1,32);
insert  into `slots`(`slotid`,`dayid`,`slottypeid`,`roomid`) values (752,5,1,33);
insert  into `slots`(`slotid`,`dayid`,`slottypeid`,`roomid`) values (753,5,1,34);
insert  into `slots`(`slotid`,`dayid`,`slottypeid`,`roomid`) values (754,5,1,35);
insert  into `slots`(`slotid`,`dayid`,`slottypeid`,`roomid`) values (755,5,1,36);
insert  into `slots`(`slotid`,`dayid`,`slottypeid`,`roomid`) values (756,5,1,37);
insert  into `slots`(`slotid`,`dayid`,`slottypeid`,`roomid`) values (757,5,1,38);
insert  into `slots`(`slotid`,`dayid`,`slottypeid`,`roomid`) values (758,5,1,39);
insert  into `slots`(`slotid`,`dayid`,`slottypeid`,`roomid`) values (759,5,1,40);
insert  into `slots`(`slotid`,`dayid`,`slottypeid`,`roomid`) values (760,5,1,41);
insert  into `slots`(`slotid`,`dayid`,`slottypeid`,`roomid`) values (761,5,1,42);
insert  into `slots`(`slotid`,`dayid`,`slottypeid`,`roomid`) values (762,5,1,43);
insert  into `slots`(`slotid`,`dayid`,`slottypeid`,`roomid`) values (763,5,1,44);
insert  into `slots`(`slotid`,`dayid`,`slottypeid`,`roomid`) values (764,5,1,45);
insert  into `slots`(`slotid`,`dayid`,`slottypeid`,`roomid`) values (765,5,1,46);
insert  into `slots`(`slotid`,`dayid`,`slottypeid`,`roomid`) values (766,5,2,1);
insert  into `slots`(`slotid`,`dayid`,`slottypeid`,`roomid`) values (767,5,2,2);
insert  into `slots`(`slotid`,`dayid`,`slottypeid`,`roomid`) values (768,5,2,3);
insert  into `slots`(`slotid`,`dayid`,`slottypeid`,`roomid`) values (769,5,2,4);
insert  into `slots`(`slotid`,`dayid`,`slottypeid`,`roomid`) values (770,5,2,5);
insert  into `slots`(`slotid`,`dayid`,`slottypeid`,`roomid`) values (771,5,2,6);
insert  into `slots`(`slotid`,`dayid`,`slottypeid`,`roomid`) values (772,5,2,7);
insert  into `slots`(`slotid`,`dayid`,`slottypeid`,`roomid`) values (773,5,2,8);
insert  into `slots`(`slotid`,`dayid`,`slottypeid`,`roomid`) values (774,5,2,9);
insert  into `slots`(`slotid`,`dayid`,`slottypeid`,`roomid`) values (775,5,2,10);
insert  into `slots`(`slotid`,`dayid`,`slottypeid`,`roomid`) values (776,5,2,11);
insert  into `slots`(`slotid`,`dayid`,`slottypeid`,`roomid`) values (777,5,2,12);
insert  into `slots`(`slotid`,`dayid`,`slottypeid`,`roomid`) values (778,5,2,13);
insert  into `slots`(`slotid`,`dayid`,`slottypeid`,`roomid`) values (779,5,2,14);
insert  into `slots`(`slotid`,`dayid`,`slottypeid`,`roomid`) values (780,5,2,15);
insert  into `slots`(`slotid`,`dayid`,`slottypeid`,`roomid`) values (781,5,2,16);
insert  into `slots`(`slotid`,`dayid`,`slottypeid`,`roomid`) values (782,5,2,17);
insert  into `slots`(`slotid`,`dayid`,`slottypeid`,`roomid`) values (783,5,2,18);
insert  into `slots`(`slotid`,`dayid`,`slottypeid`,`roomid`) values (784,5,2,19);
insert  into `slots`(`slotid`,`dayid`,`slottypeid`,`roomid`) values (785,5,2,20);
insert  into `slots`(`slotid`,`dayid`,`slottypeid`,`roomid`) values (786,5,2,21);
insert  into `slots`(`slotid`,`dayid`,`slottypeid`,`roomid`) values (787,5,2,22);
insert  into `slots`(`slotid`,`dayid`,`slottypeid`,`roomid`) values (788,5,2,23);
insert  into `slots`(`slotid`,`dayid`,`slottypeid`,`roomid`) values (789,5,2,24);
insert  into `slots`(`slotid`,`dayid`,`slottypeid`,`roomid`) values (790,5,2,25);
insert  into `slots`(`slotid`,`dayid`,`slottypeid`,`roomid`) values (791,5,2,26);
insert  into `slots`(`slotid`,`dayid`,`slottypeid`,`roomid`) values (792,5,2,27);
insert  into `slots`(`slotid`,`dayid`,`slottypeid`,`roomid`) values (793,5,2,28);
insert  into `slots`(`slotid`,`dayid`,`slottypeid`,`roomid`) values (794,5,2,29);
insert  into `slots`(`slotid`,`dayid`,`slottypeid`,`roomid`) values (795,5,2,30);
insert  into `slots`(`slotid`,`dayid`,`slottypeid`,`roomid`) values (796,5,2,32);
insert  into `slots`(`slotid`,`dayid`,`slottypeid`,`roomid`) values (797,5,2,33);
insert  into `slots`(`slotid`,`dayid`,`slottypeid`,`roomid`) values (798,5,2,34);
insert  into `slots`(`slotid`,`dayid`,`slottypeid`,`roomid`) values (799,5,2,35);
insert  into `slots`(`slotid`,`dayid`,`slottypeid`,`roomid`) values (800,5,2,36);
insert  into `slots`(`slotid`,`dayid`,`slottypeid`,`roomid`) values (801,5,2,37);
insert  into `slots`(`slotid`,`dayid`,`slottypeid`,`roomid`) values (802,5,2,38);
insert  into `slots`(`slotid`,`dayid`,`slottypeid`,`roomid`) values (803,5,2,39);
insert  into `slots`(`slotid`,`dayid`,`slottypeid`,`roomid`) values (804,5,2,40);
insert  into `slots`(`slotid`,`dayid`,`slottypeid`,`roomid`) values (805,5,2,41);
insert  into `slots`(`slotid`,`dayid`,`slottypeid`,`roomid`) values (806,5,2,42);
insert  into `slots`(`slotid`,`dayid`,`slottypeid`,`roomid`) values (807,5,2,43);
insert  into `slots`(`slotid`,`dayid`,`slottypeid`,`roomid`) values (808,5,2,44);
insert  into `slots`(`slotid`,`dayid`,`slottypeid`,`roomid`) values (809,5,2,45);
insert  into `slots`(`slotid`,`dayid`,`slottypeid`,`roomid`) values (810,5,2,46);
insert  into `slots`(`slotid`,`dayid`,`slottypeid`,`roomid`) values (811,5,3,1);
insert  into `slots`(`slotid`,`dayid`,`slottypeid`,`roomid`) values (812,5,3,2);
insert  into `slots`(`slotid`,`dayid`,`slottypeid`,`roomid`) values (813,5,3,3);
insert  into `slots`(`slotid`,`dayid`,`slottypeid`,`roomid`) values (814,5,3,4);
insert  into `slots`(`slotid`,`dayid`,`slottypeid`,`roomid`) values (815,5,3,5);
insert  into `slots`(`slotid`,`dayid`,`slottypeid`,`roomid`) values (816,5,3,6);
insert  into `slots`(`slotid`,`dayid`,`slottypeid`,`roomid`) values (817,5,3,7);
insert  into `slots`(`slotid`,`dayid`,`slottypeid`,`roomid`) values (818,5,3,8);
insert  into `slots`(`slotid`,`dayid`,`slottypeid`,`roomid`) values (819,5,3,9);
insert  into `slots`(`slotid`,`dayid`,`slottypeid`,`roomid`) values (820,5,3,10);
insert  into `slots`(`slotid`,`dayid`,`slottypeid`,`roomid`) values (821,5,3,11);
insert  into `slots`(`slotid`,`dayid`,`slottypeid`,`roomid`) values (822,5,3,12);
insert  into `slots`(`slotid`,`dayid`,`slottypeid`,`roomid`) values (823,5,3,13);
insert  into `slots`(`slotid`,`dayid`,`slottypeid`,`roomid`) values (824,5,3,14);
insert  into `slots`(`slotid`,`dayid`,`slottypeid`,`roomid`) values (825,5,3,15);
insert  into `slots`(`slotid`,`dayid`,`slottypeid`,`roomid`) values (826,5,3,16);
insert  into `slots`(`slotid`,`dayid`,`slottypeid`,`roomid`) values (827,5,3,17);
insert  into `slots`(`slotid`,`dayid`,`slottypeid`,`roomid`) values (828,5,3,18);
insert  into `slots`(`slotid`,`dayid`,`slottypeid`,`roomid`) values (829,5,3,19);
insert  into `slots`(`slotid`,`dayid`,`slottypeid`,`roomid`) values (830,5,3,20);
insert  into `slots`(`slotid`,`dayid`,`slottypeid`,`roomid`) values (831,5,3,21);
insert  into `slots`(`slotid`,`dayid`,`slottypeid`,`roomid`) values (832,5,3,22);
insert  into `slots`(`slotid`,`dayid`,`slottypeid`,`roomid`) values (833,5,3,23);
insert  into `slots`(`slotid`,`dayid`,`slottypeid`,`roomid`) values (834,5,3,24);
insert  into `slots`(`slotid`,`dayid`,`slottypeid`,`roomid`) values (835,5,3,25);
insert  into `slots`(`slotid`,`dayid`,`slottypeid`,`roomid`) values (836,5,3,26);
insert  into `slots`(`slotid`,`dayid`,`slottypeid`,`roomid`) values (837,5,3,27);
insert  into `slots`(`slotid`,`dayid`,`slottypeid`,`roomid`) values (838,5,3,28);
insert  into `slots`(`slotid`,`dayid`,`slottypeid`,`roomid`) values (839,5,3,29);
insert  into `slots`(`slotid`,`dayid`,`slottypeid`,`roomid`) values (840,5,3,30);
insert  into `slots`(`slotid`,`dayid`,`slottypeid`,`roomid`) values (841,5,3,32);
insert  into `slots`(`slotid`,`dayid`,`slottypeid`,`roomid`) values (842,5,3,33);
insert  into `slots`(`slotid`,`dayid`,`slottypeid`,`roomid`) values (843,5,3,34);
insert  into `slots`(`slotid`,`dayid`,`slottypeid`,`roomid`) values (844,5,3,35);
insert  into `slots`(`slotid`,`dayid`,`slottypeid`,`roomid`) values (845,5,3,36);
insert  into `slots`(`slotid`,`dayid`,`slottypeid`,`roomid`) values (846,5,3,37);
insert  into `slots`(`slotid`,`dayid`,`slottypeid`,`roomid`) values (847,5,3,38);
insert  into `slots`(`slotid`,`dayid`,`slottypeid`,`roomid`) values (848,5,3,39);
insert  into `slots`(`slotid`,`dayid`,`slottypeid`,`roomid`) values (849,5,3,40);
insert  into `slots`(`slotid`,`dayid`,`slottypeid`,`roomid`) values (850,5,3,41);
insert  into `slots`(`slotid`,`dayid`,`slottypeid`,`roomid`) values (851,5,3,42);
insert  into `slots`(`slotid`,`dayid`,`slottypeid`,`roomid`) values (852,5,3,43);
insert  into `slots`(`slotid`,`dayid`,`slottypeid`,`roomid`) values (853,5,3,44);
insert  into `slots`(`slotid`,`dayid`,`slottypeid`,`roomid`) values (854,5,3,45);
insert  into `slots`(`slotid`,`dayid`,`slottypeid`,`roomid`) values (855,5,3,46);
insert  into `slots`(`slotid`,`dayid`,`slottypeid`,`roomid`) values (856,5,4,1);
insert  into `slots`(`slotid`,`dayid`,`slottypeid`,`roomid`) values (857,5,4,2);
insert  into `slots`(`slotid`,`dayid`,`slottypeid`,`roomid`) values (858,5,4,3);
insert  into `slots`(`slotid`,`dayid`,`slottypeid`,`roomid`) values (859,5,4,4);
insert  into `slots`(`slotid`,`dayid`,`slottypeid`,`roomid`) values (860,5,4,5);
insert  into `slots`(`slotid`,`dayid`,`slottypeid`,`roomid`) values (861,5,4,6);
insert  into `slots`(`slotid`,`dayid`,`slottypeid`,`roomid`) values (862,5,4,7);
insert  into `slots`(`slotid`,`dayid`,`slottypeid`,`roomid`) values (863,5,4,8);
insert  into `slots`(`slotid`,`dayid`,`slottypeid`,`roomid`) values (864,5,4,9);
insert  into `slots`(`slotid`,`dayid`,`slottypeid`,`roomid`) values (865,5,4,10);
insert  into `slots`(`slotid`,`dayid`,`slottypeid`,`roomid`) values (866,5,4,11);
insert  into `slots`(`slotid`,`dayid`,`slottypeid`,`roomid`) values (867,5,4,12);
insert  into `slots`(`slotid`,`dayid`,`slottypeid`,`roomid`) values (868,5,4,13);
insert  into `slots`(`slotid`,`dayid`,`slottypeid`,`roomid`) values (869,5,4,14);
insert  into `slots`(`slotid`,`dayid`,`slottypeid`,`roomid`) values (870,5,4,15);
insert  into `slots`(`slotid`,`dayid`,`slottypeid`,`roomid`) values (871,5,4,16);
insert  into `slots`(`slotid`,`dayid`,`slottypeid`,`roomid`) values (872,5,4,17);
insert  into `slots`(`slotid`,`dayid`,`slottypeid`,`roomid`) values (873,5,4,18);
insert  into `slots`(`slotid`,`dayid`,`slottypeid`,`roomid`) values (874,5,4,19);
insert  into `slots`(`slotid`,`dayid`,`slottypeid`,`roomid`) values (875,5,4,20);
insert  into `slots`(`slotid`,`dayid`,`slottypeid`,`roomid`) values (876,5,4,21);
insert  into `slots`(`slotid`,`dayid`,`slottypeid`,`roomid`) values (877,5,4,22);
insert  into `slots`(`slotid`,`dayid`,`slottypeid`,`roomid`) values (878,5,4,23);
insert  into `slots`(`slotid`,`dayid`,`slottypeid`,`roomid`) values (879,5,4,24);
insert  into `slots`(`slotid`,`dayid`,`slottypeid`,`roomid`) values (880,5,4,25);
insert  into `slots`(`slotid`,`dayid`,`slottypeid`,`roomid`) values (881,5,4,26);
insert  into `slots`(`slotid`,`dayid`,`slottypeid`,`roomid`) values (882,5,4,27);
insert  into `slots`(`slotid`,`dayid`,`slottypeid`,`roomid`) values (883,5,4,28);
insert  into `slots`(`slotid`,`dayid`,`slottypeid`,`roomid`) values (884,5,4,29);
insert  into `slots`(`slotid`,`dayid`,`slottypeid`,`roomid`) values (885,5,4,30);
insert  into `slots`(`slotid`,`dayid`,`slottypeid`,`roomid`) values (886,5,4,32);
insert  into `slots`(`slotid`,`dayid`,`slottypeid`,`roomid`) values (887,5,4,33);
insert  into `slots`(`slotid`,`dayid`,`slottypeid`,`roomid`) values (888,5,4,34);
insert  into `slots`(`slotid`,`dayid`,`slottypeid`,`roomid`) values (889,5,4,35);
insert  into `slots`(`slotid`,`dayid`,`slottypeid`,`roomid`) values (890,5,4,36);
insert  into `slots`(`slotid`,`dayid`,`slottypeid`,`roomid`) values (891,5,4,37);
insert  into `slots`(`slotid`,`dayid`,`slottypeid`,`roomid`) values (892,5,4,38);
insert  into `slots`(`slotid`,`dayid`,`slottypeid`,`roomid`) values (893,5,4,39);
insert  into `slots`(`slotid`,`dayid`,`slottypeid`,`roomid`) values (894,5,4,40);
insert  into `slots`(`slotid`,`dayid`,`slottypeid`,`roomid`) values (895,5,4,41);
insert  into `slots`(`slotid`,`dayid`,`slottypeid`,`roomid`) values (896,5,4,42);
insert  into `slots`(`slotid`,`dayid`,`slottypeid`,`roomid`) values (897,5,4,43);
insert  into `slots`(`slotid`,`dayid`,`slottypeid`,`roomid`) values (898,5,4,44);
insert  into `slots`(`slotid`,`dayid`,`slottypeid`,`roomid`) values (899,5,4,45);
insert  into `slots`(`slotid`,`dayid`,`slottypeid`,`roomid`) values (900,5,4,46);
insert  into `slots`(`slotid`,`dayid`,`slottypeid`,`roomid`) values (901,6,1,1);
insert  into `slots`(`slotid`,`dayid`,`slottypeid`,`roomid`) values (902,6,1,2);
insert  into `slots`(`slotid`,`dayid`,`slottypeid`,`roomid`) values (903,6,1,3);
insert  into `slots`(`slotid`,`dayid`,`slottypeid`,`roomid`) values (904,6,1,4);
insert  into `slots`(`slotid`,`dayid`,`slottypeid`,`roomid`) values (905,6,1,5);
insert  into `slots`(`slotid`,`dayid`,`slottypeid`,`roomid`) values (906,6,1,6);
insert  into `slots`(`slotid`,`dayid`,`slottypeid`,`roomid`) values (907,6,1,7);
insert  into `slots`(`slotid`,`dayid`,`slottypeid`,`roomid`) values (908,6,1,8);
insert  into `slots`(`slotid`,`dayid`,`slottypeid`,`roomid`) values (909,6,1,9);
insert  into `slots`(`slotid`,`dayid`,`slottypeid`,`roomid`) values (910,6,1,10);
insert  into `slots`(`slotid`,`dayid`,`slottypeid`,`roomid`) values (911,6,1,11);
insert  into `slots`(`slotid`,`dayid`,`slottypeid`,`roomid`) values (912,6,1,12);
insert  into `slots`(`slotid`,`dayid`,`slottypeid`,`roomid`) values (913,6,1,13);
insert  into `slots`(`slotid`,`dayid`,`slottypeid`,`roomid`) values (914,6,1,14);
insert  into `slots`(`slotid`,`dayid`,`slottypeid`,`roomid`) values (915,6,1,15);
insert  into `slots`(`slotid`,`dayid`,`slottypeid`,`roomid`) values (916,6,1,16);
insert  into `slots`(`slotid`,`dayid`,`slottypeid`,`roomid`) values (917,6,1,17);
insert  into `slots`(`slotid`,`dayid`,`slottypeid`,`roomid`) values (918,6,1,18);
insert  into `slots`(`slotid`,`dayid`,`slottypeid`,`roomid`) values (919,6,1,19);
insert  into `slots`(`slotid`,`dayid`,`slottypeid`,`roomid`) values (920,6,1,20);
insert  into `slots`(`slotid`,`dayid`,`slottypeid`,`roomid`) values (921,6,1,21);
insert  into `slots`(`slotid`,`dayid`,`slottypeid`,`roomid`) values (922,6,1,22);
insert  into `slots`(`slotid`,`dayid`,`slottypeid`,`roomid`) values (923,6,1,23);
insert  into `slots`(`slotid`,`dayid`,`slottypeid`,`roomid`) values (924,6,1,24);
insert  into `slots`(`slotid`,`dayid`,`slottypeid`,`roomid`) values (925,6,1,25);
insert  into `slots`(`slotid`,`dayid`,`slottypeid`,`roomid`) values (926,6,1,26);
insert  into `slots`(`slotid`,`dayid`,`slottypeid`,`roomid`) values (927,6,1,27);
insert  into `slots`(`slotid`,`dayid`,`slottypeid`,`roomid`) values (928,6,1,28);
insert  into `slots`(`slotid`,`dayid`,`slottypeid`,`roomid`) values (929,6,1,29);
insert  into `slots`(`slotid`,`dayid`,`slottypeid`,`roomid`) values (930,6,1,30);
insert  into `slots`(`slotid`,`dayid`,`slottypeid`,`roomid`) values (931,6,1,32);
insert  into `slots`(`slotid`,`dayid`,`slottypeid`,`roomid`) values (932,6,1,33);
insert  into `slots`(`slotid`,`dayid`,`slottypeid`,`roomid`) values (933,6,1,34);
insert  into `slots`(`slotid`,`dayid`,`slottypeid`,`roomid`) values (934,6,1,35);
insert  into `slots`(`slotid`,`dayid`,`slottypeid`,`roomid`) values (935,6,1,36);
insert  into `slots`(`slotid`,`dayid`,`slottypeid`,`roomid`) values (936,6,1,37);
insert  into `slots`(`slotid`,`dayid`,`slottypeid`,`roomid`) values (937,6,1,38);
insert  into `slots`(`slotid`,`dayid`,`slottypeid`,`roomid`) values (938,6,1,39);
insert  into `slots`(`slotid`,`dayid`,`slottypeid`,`roomid`) values (939,6,1,40);
insert  into `slots`(`slotid`,`dayid`,`slottypeid`,`roomid`) values (940,6,1,41);
insert  into `slots`(`slotid`,`dayid`,`slottypeid`,`roomid`) values (941,6,1,42);
insert  into `slots`(`slotid`,`dayid`,`slottypeid`,`roomid`) values (942,6,1,43);
insert  into `slots`(`slotid`,`dayid`,`slottypeid`,`roomid`) values (943,6,1,44);
insert  into `slots`(`slotid`,`dayid`,`slottypeid`,`roomid`) values (944,6,1,45);
insert  into `slots`(`slotid`,`dayid`,`slottypeid`,`roomid`) values (945,6,1,46);
insert  into `slots`(`slotid`,`dayid`,`slottypeid`,`roomid`) values (946,6,2,1);
insert  into `slots`(`slotid`,`dayid`,`slottypeid`,`roomid`) values (947,6,2,2);
insert  into `slots`(`slotid`,`dayid`,`slottypeid`,`roomid`) values (948,6,2,3);
insert  into `slots`(`slotid`,`dayid`,`slottypeid`,`roomid`) values (949,6,2,4);
insert  into `slots`(`slotid`,`dayid`,`slottypeid`,`roomid`) values (950,6,2,5);
insert  into `slots`(`slotid`,`dayid`,`slottypeid`,`roomid`) values (951,6,2,6);
insert  into `slots`(`slotid`,`dayid`,`slottypeid`,`roomid`) values (952,6,2,7);
insert  into `slots`(`slotid`,`dayid`,`slottypeid`,`roomid`) values (953,6,2,8);
insert  into `slots`(`slotid`,`dayid`,`slottypeid`,`roomid`) values (954,6,2,9);
insert  into `slots`(`slotid`,`dayid`,`slottypeid`,`roomid`) values (955,6,2,10);
insert  into `slots`(`slotid`,`dayid`,`slottypeid`,`roomid`) values (956,6,2,11);
insert  into `slots`(`slotid`,`dayid`,`slottypeid`,`roomid`) values (957,6,2,12);
insert  into `slots`(`slotid`,`dayid`,`slottypeid`,`roomid`) values (958,6,2,13);
insert  into `slots`(`slotid`,`dayid`,`slottypeid`,`roomid`) values (959,6,2,14);
insert  into `slots`(`slotid`,`dayid`,`slottypeid`,`roomid`) values (960,6,2,15);
insert  into `slots`(`slotid`,`dayid`,`slottypeid`,`roomid`) values (961,6,2,16);
insert  into `slots`(`slotid`,`dayid`,`slottypeid`,`roomid`) values (962,6,2,17);
insert  into `slots`(`slotid`,`dayid`,`slottypeid`,`roomid`) values (963,6,2,18);
insert  into `slots`(`slotid`,`dayid`,`slottypeid`,`roomid`) values (964,6,2,19);
insert  into `slots`(`slotid`,`dayid`,`slottypeid`,`roomid`) values (965,6,2,20);
insert  into `slots`(`slotid`,`dayid`,`slottypeid`,`roomid`) values (966,6,2,21);
insert  into `slots`(`slotid`,`dayid`,`slottypeid`,`roomid`) values (967,6,2,22);
insert  into `slots`(`slotid`,`dayid`,`slottypeid`,`roomid`) values (968,6,2,23);
insert  into `slots`(`slotid`,`dayid`,`slottypeid`,`roomid`) values (969,6,2,24);
insert  into `slots`(`slotid`,`dayid`,`slottypeid`,`roomid`) values (970,6,2,25);
insert  into `slots`(`slotid`,`dayid`,`slottypeid`,`roomid`) values (971,6,2,26);
insert  into `slots`(`slotid`,`dayid`,`slottypeid`,`roomid`) values (972,6,2,27);
insert  into `slots`(`slotid`,`dayid`,`slottypeid`,`roomid`) values (973,6,2,28);
insert  into `slots`(`slotid`,`dayid`,`slottypeid`,`roomid`) values (974,6,2,29);
insert  into `slots`(`slotid`,`dayid`,`slottypeid`,`roomid`) values (975,6,2,30);
insert  into `slots`(`slotid`,`dayid`,`slottypeid`,`roomid`) values (976,6,2,32);
insert  into `slots`(`slotid`,`dayid`,`slottypeid`,`roomid`) values (977,6,2,33);
insert  into `slots`(`slotid`,`dayid`,`slottypeid`,`roomid`) values (978,6,2,34);
insert  into `slots`(`slotid`,`dayid`,`slottypeid`,`roomid`) values (979,6,2,35);
insert  into `slots`(`slotid`,`dayid`,`slottypeid`,`roomid`) values (980,6,2,36);
insert  into `slots`(`slotid`,`dayid`,`slottypeid`,`roomid`) values (981,6,2,37);
insert  into `slots`(`slotid`,`dayid`,`slottypeid`,`roomid`) values (982,6,2,38);
insert  into `slots`(`slotid`,`dayid`,`slottypeid`,`roomid`) values (983,6,2,39);
insert  into `slots`(`slotid`,`dayid`,`slottypeid`,`roomid`) values (984,6,2,40);
insert  into `slots`(`slotid`,`dayid`,`slottypeid`,`roomid`) values (985,6,2,41);
insert  into `slots`(`slotid`,`dayid`,`slottypeid`,`roomid`) values (986,6,2,42);
insert  into `slots`(`slotid`,`dayid`,`slottypeid`,`roomid`) values (987,6,2,43);
insert  into `slots`(`slotid`,`dayid`,`slottypeid`,`roomid`) values (988,6,2,44);
insert  into `slots`(`slotid`,`dayid`,`slottypeid`,`roomid`) values (989,6,2,45);
insert  into `slots`(`slotid`,`dayid`,`slottypeid`,`roomid`) values (990,6,2,46);
insert  into `slots`(`slotid`,`dayid`,`slottypeid`,`roomid`) values (991,6,3,1);
insert  into `slots`(`slotid`,`dayid`,`slottypeid`,`roomid`) values (992,6,3,2);
insert  into `slots`(`slotid`,`dayid`,`slottypeid`,`roomid`) values (993,6,3,3);
insert  into `slots`(`slotid`,`dayid`,`slottypeid`,`roomid`) values (994,6,3,4);
insert  into `slots`(`slotid`,`dayid`,`slottypeid`,`roomid`) values (995,6,3,5);
insert  into `slots`(`slotid`,`dayid`,`slottypeid`,`roomid`) values (996,6,3,6);
insert  into `slots`(`slotid`,`dayid`,`slottypeid`,`roomid`) values (997,6,3,7);
insert  into `slots`(`slotid`,`dayid`,`slottypeid`,`roomid`) values (998,6,3,8);
insert  into `slots`(`slotid`,`dayid`,`slottypeid`,`roomid`) values (999,6,3,9);
insert  into `slots`(`slotid`,`dayid`,`slottypeid`,`roomid`) values (1000,6,3,10);
insert  into `slots`(`slotid`,`dayid`,`slottypeid`,`roomid`) values (1001,6,3,11);
insert  into `slots`(`slotid`,`dayid`,`slottypeid`,`roomid`) values (1002,6,3,12);
insert  into `slots`(`slotid`,`dayid`,`slottypeid`,`roomid`) values (1003,6,3,13);
insert  into `slots`(`slotid`,`dayid`,`slottypeid`,`roomid`) values (1004,6,3,14);
insert  into `slots`(`slotid`,`dayid`,`slottypeid`,`roomid`) values (1005,6,3,15);
insert  into `slots`(`slotid`,`dayid`,`slottypeid`,`roomid`) values (1006,6,3,16);
insert  into `slots`(`slotid`,`dayid`,`slottypeid`,`roomid`) values (1007,6,3,17);
insert  into `slots`(`slotid`,`dayid`,`slottypeid`,`roomid`) values (1008,6,3,18);
insert  into `slots`(`slotid`,`dayid`,`slottypeid`,`roomid`) values (1009,6,3,19);
insert  into `slots`(`slotid`,`dayid`,`slottypeid`,`roomid`) values (1010,6,3,20);
insert  into `slots`(`slotid`,`dayid`,`slottypeid`,`roomid`) values (1011,6,3,21);
insert  into `slots`(`slotid`,`dayid`,`slottypeid`,`roomid`) values (1012,6,3,22);
insert  into `slots`(`slotid`,`dayid`,`slottypeid`,`roomid`) values (1013,6,3,23);
insert  into `slots`(`slotid`,`dayid`,`slottypeid`,`roomid`) values (1014,6,3,24);
insert  into `slots`(`slotid`,`dayid`,`slottypeid`,`roomid`) values (1015,6,3,25);
insert  into `slots`(`slotid`,`dayid`,`slottypeid`,`roomid`) values (1016,6,3,26);
insert  into `slots`(`slotid`,`dayid`,`slottypeid`,`roomid`) values (1017,6,3,27);
insert  into `slots`(`slotid`,`dayid`,`slottypeid`,`roomid`) values (1018,6,3,28);
insert  into `slots`(`slotid`,`dayid`,`slottypeid`,`roomid`) values (1019,6,3,29);
insert  into `slots`(`slotid`,`dayid`,`slottypeid`,`roomid`) values (1020,6,3,30);
insert  into `slots`(`slotid`,`dayid`,`slottypeid`,`roomid`) values (1021,6,3,32);
insert  into `slots`(`slotid`,`dayid`,`slottypeid`,`roomid`) values (1022,6,3,33);
insert  into `slots`(`slotid`,`dayid`,`slottypeid`,`roomid`) values (1023,6,3,34);
insert  into `slots`(`slotid`,`dayid`,`slottypeid`,`roomid`) values (1024,6,3,35);
insert  into `slots`(`slotid`,`dayid`,`slottypeid`,`roomid`) values (1025,6,3,36);
insert  into `slots`(`slotid`,`dayid`,`slottypeid`,`roomid`) values (1026,6,3,37);
insert  into `slots`(`slotid`,`dayid`,`slottypeid`,`roomid`) values (1027,6,3,38);
insert  into `slots`(`slotid`,`dayid`,`slottypeid`,`roomid`) values (1028,6,3,39);
insert  into `slots`(`slotid`,`dayid`,`slottypeid`,`roomid`) values (1029,6,3,40);
insert  into `slots`(`slotid`,`dayid`,`slottypeid`,`roomid`) values (1030,6,3,41);
insert  into `slots`(`slotid`,`dayid`,`slottypeid`,`roomid`) values (1031,6,3,42);
insert  into `slots`(`slotid`,`dayid`,`slottypeid`,`roomid`) values (1032,6,3,43);
insert  into `slots`(`slotid`,`dayid`,`slottypeid`,`roomid`) values (1033,6,3,44);
insert  into `slots`(`slotid`,`dayid`,`slottypeid`,`roomid`) values (1034,6,3,45);
insert  into `slots`(`slotid`,`dayid`,`slottypeid`,`roomid`) values (1035,6,3,46);
insert  into `slots`(`slotid`,`dayid`,`slottypeid`,`roomid`) values (1036,6,4,1);
insert  into `slots`(`slotid`,`dayid`,`slottypeid`,`roomid`) values (1037,6,4,2);
insert  into `slots`(`slotid`,`dayid`,`slottypeid`,`roomid`) values (1038,6,4,3);
insert  into `slots`(`slotid`,`dayid`,`slottypeid`,`roomid`) values (1039,6,4,4);
insert  into `slots`(`slotid`,`dayid`,`slottypeid`,`roomid`) values (1040,6,4,5);
insert  into `slots`(`slotid`,`dayid`,`slottypeid`,`roomid`) values (1041,6,4,6);
insert  into `slots`(`slotid`,`dayid`,`slottypeid`,`roomid`) values (1042,6,4,7);
insert  into `slots`(`slotid`,`dayid`,`slottypeid`,`roomid`) values (1043,6,4,8);
insert  into `slots`(`slotid`,`dayid`,`slottypeid`,`roomid`) values (1044,6,4,9);
insert  into `slots`(`slotid`,`dayid`,`slottypeid`,`roomid`) values (1045,6,4,10);
insert  into `slots`(`slotid`,`dayid`,`slottypeid`,`roomid`) values (1046,6,4,11);
insert  into `slots`(`slotid`,`dayid`,`slottypeid`,`roomid`) values (1047,6,4,12);
insert  into `slots`(`slotid`,`dayid`,`slottypeid`,`roomid`) values (1048,6,4,13);
insert  into `slots`(`slotid`,`dayid`,`slottypeid`,`roomid`) values (1049,6,4,14);
insert  into `slots`(`slotid`,`dayid`,`slottypeid`,`roomid`) values (1050,6,4,15);
insert  into `slots`(`slotid`,`dayid`,`slottypeid`,`roomid`) values (1051,6,4,16);
insert  into `slots`(`slotid`,`dayid`,`slottypeid`,`roomid`) values (1052,6,4,17);
insert  into `slots`(`slotid`,`dayid`,`slottypeid`,`roomid`) values (1053,6,4,18);
insert  into `slots`(`slotid`,`dayid`,`slottypeid`,`roomid`) values (1054,6,4,19);
insert  into `slots`(`slotid`,`dayid`,`slottypeid`,`roomid`) values (1055,6,4,20);
insert  into `slots`(`slotid`,`dayid`,`slottypeid`,`roomid`) values (1056,6,4,21);
insert  into `slots`(`slotid`,`dayid`,`slottypeid`,`roomid`) values (1057,6,4,22);
insert  into `slots`(`slotid`,`dayid`,`slottypeid`,`roomid`) values (1058,6,4,23);
insert  into `slots`(`slotid`,`dayid`,`slottypeid`,`roomid`) values (1059,6,4,24);
insert  into `slots`(`slotid`,`dayid`,`slottypeid`,`roomid`) values (1060,6,4,25);
insert  into `slots`(`slotid`,`dayid`,`slottypeid`,`roomid`) values (1061,6,4,26);
insert  into `slots`(`slotid`,`dayid`,`slottypeid`,`roomid`) values (1062,6,4,27);
insert  into `slots`(`slotid`,`dayid`,`slottypeid`,`roomid`) values (1063,6,4,28);
insert  into `slots`(`slotid`,`dayid`,`slottypeid`,`roomid`) values (1064,6,4,29);
insert  into `slots`(`slotid`,`dayid`,`slottypeid`,`roomid`) values (1065,6,4,30);
insert  into `slots`(`slotid`,`dayid`,`slottypeid`,`roomid`) values (1066,6,4,32);
insert  into `slots`(`slotid`,`dayid`,`slottypeid`,`roomid`) values (1067,6,4,33);
insert  into `slots`(`slotid`,`dayid`,`slottypeid`,`roomid`) values (1068,6,4,34);
insert  into `slots`(`slotid`,`dayid`,`slottypeid`,`roomid`) values (1069,6,4,35);
insert  into `slots`(`slotid`,`dayid`,`slottypeid`,`roomid`) values (1070,6,4,36);
insert  into `slots`(`slotid`,`dayid`,`slottypeid`,`roomid`) values (1071,6,4,37);
insert  into `slots`(`slotid`,`dayid`,`slottypeid`,`roomid`) values (1072,6,4,38);
insert  into `slots`(`slotid`,`dayid`,`slottypeid`,`roomid`) values (1073,6,4,39);
insert  into `slots`(`slotid`,`dayid`,`slottypeid`,`roomid`) values (1074,6,4,40);
insert  into `slots`(`slotid`,`dayid`,`slottypeid`,`roomid`) values (1075,6,4,41);
insert  into `slots`(`slotid`,`dayid`,`slottypeid`,`roomid`) values (1076,6,4,42);
insert  into `slots`(`slotid`,`dayid`,`slottypeid`,`roomid`) values (1077,6,4,43);
insert  into `slots`(`slotid`,`dayid`,`slottypeid`,`roomid`) values (1078,6,4,44);
insert  into `slots`(`slotid`,`dayid`,`slottypeid`,`roomid`) values (1079,6,4,45);
insert  into `slots`(`slotid`,`dayid`,`slottypeid`,`roomid`) values (1080,6,4,46);
insert  into `slots`(`slotid`,`dayid`,`slottypeid`,`roomid`) values (1081,7,1,1);
insert  into `slots`(`slotid`,`dayid`,`slottypeid`,`roomid`) values (1082,7,1,2);
insert  into `slots`(`slotid`,`dayid`,`slottypeid`,`roomid`) values (1083,7,1,3);
insert  into `slots`(`slotid`,`dayid`,`slottypeid`,`roomid`) values (1084,7,1,4);
insert  into `slots`(`slotid`,`dayid`,`slottypeid`,`roomid`) values (1085,7,1,5);
insert  into `slots`(`slotid`,`dayid`,`slottypeid`,`roomid`) values (1086,7,1,6);
insert  into `slots`(`slotid`,`dayid`,`slottypeid`,`roomid`) values (1087,7,1,7);
insert  into `slots`(`slotid`,`dayid`,`slottypeid`,`roomid`) values (1088,7,1,8);
insert  into `slots`(`slotid`,`dayid`,`slottypeid`,`roomid`) values (1089,7,1,9);
insert  into `slots`(`slotid`,`dayid`,`slottypeid`,`roomid`) values (1090,7,1,10);
insert  into `slots`(`slotid`,`dayid`,`slottypeid`,`roomid`) values (1091,7,1,11);
insert  into `slots`(`slotid`,`dayid`,`slottypeid`,`roomid`) values (1092,7,1,12);
insert  into `slots`(`slotid`,`dayid`,`slottypeid`,`roomid`) values (1093,7,1,13);
insert  into `slots`(`slotid`,`dayid`,`slottypeid`,`roomid`) values (1094,7,1,14);
insert  into `slots`(`slotid`,`dayid`,`slottypeid`,`roomid`) values (1095,7,1,15);
insert  into `slots`(`slotid`,`dayid`,`slottypeid`,`roomid`) values (1096,7,1,16);
insert  into `slots`(`slotid`,`dayid`,`slottypeid`,`roomid`) values (1097,7,1,17);
insert  into `slots`(`slotid`,`dayid`,`slottypeid`,`roomid`) values (1098,7,1,18);
insert  into `slots`(`slotid`,`dayid`,`slottypeid`,`roomid`) values (1099,7,1,19);
insert  into `slots`(`slotid`,`dayid`,`slottypeid`,`roomid`) values (1100,7,1,20);
insert  into `slots`(`slotid`,`dayid`,`slottypeid`,`roomid`) values (1101,7,1,21);
insert  into `slots`(`slotid`,`dayid`,`slottypeid`,`roomid`) values (1102,7,1,22);
insert  into `slots`(`slotid`,`dayid`,`slottypeid`,`roomid`) values (1103,7,1,23);
insert  into `slots`(`slotid`,`dayid`,`slottypeid`,`roomid`) values (1104,7,1,24);
insert  into `slots`(`slotid`,`dayid`,`slottypeid`,`roomid`) values (1105,7,1,25);
insert  into `slots`(`slotid`,`dayid`,`slottypeid`,`roomid`) values (1106,7,1,26);
insert  into `slots`(`slotid`,`dayid`,`slottypeid`,`roomid`) values (1107,7,1,27);
insert  into `slots`(`slotid`,`dayid`,`slottypeid`,`roomid`) values (1108,7,1,28);
insert  into `slots`(`slotid`,`dayid`,`slottypeid`,`roomid`) values (1109,7,1,29);
insert  into `slots`(`slotid`,`dayid`,`slottypeid`,`roomid`) values (1110,7,1,30);
insert  into `slots`(`slotid`,`dayid`,`slottypeid`,`roomid`) values (1111,7,1,32);
insert  into `slots`(`slotid`,`dayid`,`slottypeid`,`roomid`) values (1112,7,1,33);
insert  into `slots`(`slotid`,`dayid`,`slottypeid`,`roomid`) values (1113,7,1,34);
insert  into `slots`(`slotid`,`dayid`,`slottypeid`,`roomid`) values (1114,7,1,35);
insert  into `slots`(`slotid`,`dayid`,`slottypeid`,`roomid`) values (1115,7,1,36);
insert  into `slots`(`slotid`,`dayid`,`slottypeid`,`roomid`) values (1116,7,1,37);
insert  into `slots`(`slotid`,`dayid`,`slottypeid`,`roomid`) values (1117,7,1,38);
insert  into `slots`(`slotid`,`dayid`,`slottypeid`,`roomid`) values (1118,7,1,39);
insert  into `slots`(`slotid`,`dayid`,`slottypeid`,`roomid`) values (1119,7,1,40);
insert  into `slots`(`slotid`,`dayid`,`slottypeid`,`roomid`) values (1120,7,1,41);
insert  into `slots`(`slotid`,`dayid`,`slottypeid`,`roomid`) values (1121,7,1,42);
insert  into `slots`(`slotid`,`dayid`,`slottypeid`,`roomid`) values (1122,7,1,43);
insert  into `slots`(`slotid`,`dayid`,`slottypeid`,`roomid`) values (1123,7,1,44);
insert  into `slots`(`slotid`,`dayid`,`slottypeid`,`roomid`) values (1124,7,1,45);
insert  into `slots`(`slotid`,`dayid`,`slottypeid`,`roomid`) values (1125,7,1,46);
insert  into `slots`(`slotid`,`dayid`,`slottypeid`,`roomid`) values (1126,7,2,1);
insert  into `slots`(`slotid`,`dayid`,`slottypeid`,`roomid`) values (1127,7,2,2);
insert  into `slots`(`slotid`,`dayid`,`slottypeid`,`roomid`) values (1128,7,2,3);
insert  into `slots`(`slotid`,`dayid`,`slottypeid`,`roomid`) values (1129,7,2,4);
insert  into `slots`(`slotid`,`dayid`,`slottypeid`,`roomid`) values (1130,7,2,5);
insert  into `slots`(`slotid`,`dayid`,`slottypeid`,`roomid`) values (1131,7,2,6);
insert  into `slots`(`slotid`,`dayid`,`slottypeid`,`roomid`) values (1132,7,2,7);
insert  into `slots`(`slotid`,`dayid`,`slottypeid`,`roomid`) values (1133,7,2,8);
insert  into `slots`(`slotid`,`dayid`,`slottypeid`,`roomid`) values (1134,7,2,9);
insert  into `slots`(`slotid`,`dayid`,`slottypeid`,`roomid`) values (1135,7,2,10);
insert  into `slots`(`slotid`,`dayid`,`slottypeid`,`roomid`) values (1136,7,2,11);
insert  into `slots`(`slotid`,`dayid`,`slottypeid`,`roomid`) values (1137,7,2,12);
insert  into `slots`(`slotid`,`dayid`,`slottypeid`,`roomid`) values (1138,7,2,13);
insert  into `slots`(`slotid`,`dayid`,`slottypeid`,`roomid`) values (1139,7,2,14);
insert  into `slots`(`slotid`,`dayid`,`slottypeid`,`roomid`) values (1140,7,2,15);
insert  into `slots`(`slotid`,`dayid`,`slottypeid`,`roomid`) values (1141,7,2,16);
insert  into `slots`(`slotid`,`dayid`,`slottypeid`,`roomid`) values (1142,7,2,17);
insert  into `slots`(`slotid`,`dayid`,`slottypeid`,`roomid`) values (1143,7,2,18);
insert  into `slots`(`slotid`,`dayid`,`slottypeid`,`roomid`) values (1144,7,2,19);
insert  into `slots`(`slotid`,`dayid`,`slottypeid`,`roomid`) values (1145,7,2,20);
insert  into `slots`(`slotid`,`dayid`,`slottypeid`,`roomid`) values (1146,7,2,21);
insert  into `slots`(`slotid`,`dayid`,`slottypeid`,`roomid`) values (1147,7,2,22);
insert  into `slots`(`slotid`,`dayid`,`slottypeid`,`roomid`) values (1148,7,2,23);
insert  into `slots`(`slotid`,`dayid`,`slottypeid`,`roomid`) values (1149,7,2,24);
insert  into `slots`(`slotid`,`dayid`,`slottypeid`,`roomid`) values (1150,7,2,25);
insert  into `slots`(`slotid`,`dayid`,`slottypeid`,`roomid`) values (1151,7,2,26);
insert  into `slots`(`slotid`,`dayid`,`slottypeid`,`roomid`) values (1152,7,2,27);
insert  into `slots`(`slotid`,`dayid`,`slottypeid`,`roomid`) values (1153,7,2,28);
insert  into `slots`(`slotid`,`dayid`,`slottypeid`,`roomid`) values (1154,7,2,29);
insert  into `slots`(`slotid`,`dayid`,`slottypeid`,`roomid`) values (1155,7,2,30);
insert  into `slots`(`slotid`,`dayid`,`slottypeid`,`roomid`) values (1156,7,2,32);
insert  into `slots`(`slotid`,`dayid`,`slottypeid`,`roomid`) values (1157,7,2,33);
insert  into `slots`(`slotid`,`dayid`,`slottypeid`,`roomid`) values (1158,7,2,34);
insert  into `slots`(`slotid`,`dayid`,`slottypeid`,`roomid`) values (1159,7,2,35);
insert  into `slots`(`slotid`,`dayid`,`slottypeid`,`roomid`) values (1160,7,2,36);
insert  into `slots`(`slotid`,`dayid`,`slottypeid`,`roomid`) values (1161,7,2,37);
insert  into `slots`(`slotid`,`dayid`,`slottypeid`,`roomid`) values (1162,7,2,38);
insert  into `slots`(`slotid`,`dayid`,`slottypeid`,`roomid`) values (1163,7,2,39);
insert  into `slots`(`slotid`,`dayid`,`slottypeid`,`roomid`) values (1164,7,2,40);
insert  into `slots`(`slotid`,`dayid`,`slottypeid`,`roomid`) values (1165,7,2,41);
insert  into `slots`(`slotid`,`dayid`,`slottypeid`,`roomid`) values (1166,7,2,42);
insert  into `slots`(`slotid`,`dayid`,`slottypeid`,`roomid`) values (1167,7,2,43);
insert  into `slots`(`slotid`,`dayid`,`slottypeid`,`roomid`) values (1168,7,2,44);
insert  into `slots`(`slotid`,`dayid`,`slottypeid`,`roomid`) values (1169,7,2,45);
insert  into `slots`(`slotid`,`dayid`,`slottypeid`,`roomid`) values (1170,7,2,46);
insert  into `slots`(`slotid`,`dayid`,`slottypeid`,`roomid`) values (1171,7,3,1);
insert  into `slots`(`slotid`,`dayid`,`slottypeid`,`roomid`) values (1172,7,3,2);
insert  into `slots`(`slotid`,`dayid`,`slottypeid`,`roomid`) values (1173,7,3,3);
insert  into `slots`(`slotid`,`dayid`,`slottypeid`,`roomid`) values (1174,7,3,4);
insert  into `slots`(`slotid`,`dayid`,`slottypeid`,`roomid`) values (1175,7,3,5);
insert  into `slots`(`slotid`,`dayid`,`slottypeid`,`roomid`) values (1176,7,3,6);
insert  into `slots`(`slotid`,`dayid`,`slottypeid`,`roomid`) values (1177,7,3,7);
insert  into `slots`(`slotid`,`dayid`,`slottypeid`,`roomid`) values (1178,7,3,8);
insert  into `slots`(`slotid`,`dayid`,`slottypeid`,`roomid`) values (1179,7,3,9);
insert  into `slots`(`slotid`,`dayid`,`slottypeid`,`roomid`) values (1180,7,3,10);
insert  into `slots`(`slotid`,`dayid`,`slottypeid`,`roomid`) values (1181,7,3,11);
insert  into `slots`(`slotid`,`dayid`,`slottypeid`,`roomid`) values (1182,7,3,12);
insert  into `slots`(`slotid`,`dayid`,`slottypeid`,`roomid`) values (1183,7,3,13);
insert  into `slots`(`slotid`,`dayid`,`slottypeid`,`roomid`) values (1184,7,3,14);
insert  into `slots`(`slotid`,`dayid`,`slottypeid`,`roomid`) values (1185,7,3,15);
insert  into `slots`(`slotid`,`dayid`,`slottypeid`,`roomid`) values (1186,7,3,16);
insert  into `slots`(`slotid`,`dayid`,`slottypeid`,`roomid`) values (1187,7,3,17);
insert  into `slots`(`slotid`,`dayid`,`slottypeid`,`roomid`) values (1188,7,3,18);
insert  into `slots`(`slotid`,`dayid`,`slottypeid`,`roomid`) values (1189,7,3,19);
insert  into `slots`(`slotid`,`dayid`,`slottypeid`,`roomid`) values (1190,7,3,20);
insert  into `slots`(`slotid`,`dayid`,`slottypeid`,`roomid`) values (1191,7,3,21);
insert  into `slots`(`slotid`,`dayid`,`slottypeid`,`roomid`) values (1192,7,3,22);
insert  into `slots`(`slotid`,`dayid`,`slottypeid`,`roomid`) values (1193,7,3,23);
insert  into `slots`(`slotid`,`dayid`,`slottypeid`,`roomid`) values (1194,7,3,24);
insert  into `slots`(`slotid`,`dayid`,`slottypeid`,`roomid`) values (1195,7,3,25);
insert  into `slots`(`slotid`,`dayid`,`slottypeid`,`roomid`) values (1196,7,3,26);
insert  into `slots`(`slotid`,`dayid`,`slottypeid`,`roomid`) values (1197,7,3,27);
insert  into `slots`(`slotid`,`dayid`,`slottypeid`,`roomid`) values (1198,7,3,28);
insert  into `slots`(`slotid`,`dayid`,`slottypeid`,`roomid`) values (1199,7,3,29);
insert  into `slots`(`slotid`,`dayid`,`slottypeid`,`roomid`) values (1200,7,3,30);
insert  into `slots`(`slotid`,`dayid`,`slottypeid`,`roomid`) values (1201,7,3,32);
insert  into `slots`(`slotid`,`dayid`,`slottypeid`,`roomid`) values (1202,7,3,33);
insert  into `slots`(`slotid`,`dayid`,`slottypeid`,`roomid`) values (1203,7,3,34);
insert  into `slots`(`slotid`,`dayid`,`slottypeid`,`roomid`) values (1204,7,3,35);
insert  into `slots`(`slotid`,`dayid`,`slottypeid`,`roomid`) values (1205,7,3,36);
insert  into `slots`(`slotid`,`dayid`,`slottypeid`,`roomid`) values (1206,7,3,37);
insert  into `slots`(`slotid`,`dayid`,`slottypeid`,`roomid`) values (1207,7,3,38);
insert  into `slots`(`slotid`,`dayid`,`slottypeid`,`roomid`) values (1208,7,3,39);
insert  into `slots`(`slotid`,`dayid`,`slottypeid`,`roomid`) values (1209,7,3,40);
insert  into `slots`(`slotid`,`dayid`,`slottypeid`,`roomid`) values (1210,7,3,41);
insert  into `slots`(`slotid`,`dayid`,`slottypeid`,`roomid`) values (1211,7,3,42);
insert  into `slots`(`slotid`,`dayid`,`slottypeid`,`roomid`) values (1212,7,3,43);
insert  into `slots`(`slotid`,`dayid`,`slottypeid`,`roomid`) values (1213,7,3,44);
insert  into `slots`(`slotid`,`dayid`,`slottypeid`,`roomid`) values (1214,7,3,45);
insert  into `slots`(`slotid`,`dayid`,`slottypeid`,`roomid`) values (1215,7,3,46);
insert  into `slots`(`slotid`,`dayid`,`slottypeid`,`roomid`) values (1216,7,4,1);
insert  into `slots`(`slotid`,`dayid`,`slottypeid`,`roomid`) values (1217,7,4,2);
insert  into `slots`(`slotid`,`dayid`,`slottypeid`,`roomid`) values (1218,7,4,3);
insert  into `slots`(`slotid`,`dayid`,`slottypeid`,`roomid`) values (1219,7,4,4);
insert  into `slots`(`slotid`,`dayid`,`slottypeid`,`roomid`) values (1220,7,4,5);
insert  into `slots`(`slotid`,`dayid`,`slottypeid`,`roomid`) values (1221,7,4,6);
insert  into `slots`(`slotid`,`dayid`,`slottypeid`,`roomid`) values (1222,7,4,7);
insert  into `slots`(`slotid`,`dayid`,`slottypeid`,`roomid`) values (1223,7,4,8);
insert  into `slots`(`slotid`,`dayid`,`slottypeid`,`roomid`) values (1224,7,4,9);
insert  into `slots`(`slotid`,`dayid`,`slottypeid`,`roomid`) values (1225,7,4,10);
insert  into `slots`(`slotid`,`dayid`,`slottypeid`,`roomid`) values (1226,7,4,11);
insert  into `slots`(`slotid`,`dayid`,`slottypeid`,`roomid`) values (1227,7,4,12);
insert  into `slots`(`slotid`,`dayid`,`slottypeid`,`roomid`) values (1228,7,4,13);
insert  into `slots`(`slotid`,`dayid`,`slottypeid`,`roomid`) values (1229,7,4,14);
insert  into `slots`(`slotid`,`dayid`,`slottypeid`,`roomid`) values (1230,7,4,15);
insert  into `slots`(`slotid`,`dayid`,`slottypeid`,`roomid`) values (1231,7,4,16);
insert  into `slots`(`slotid`,`dayid`,`slottypeid`,`roomid`) values (1232,7,4,17);
insert  into `slots`(`slotid`,`dayid`,`slottypeid`,`roomid`) values (1233,7,4,18);
insert  into `slots`(`slotid`,`dayid`,`slottypeid`,`roomid`) values (1234,7,4,19);
insert  into `slots`(`slotid`,`dayid`,`slottypeid`,`roomid`) values (1235,7,4,20);
insert  into `slots`(`slotid`,`dayid`,`slottypeid`,`roomid`) values (1236,7,4,21);
insert  into `slots`(`slotid`,`dayid`,`slottypeid`,`roomid`) values (1237,7,4,22);
insert  into `slots`(`slotid`,`dayid`,`slottypeid`,`roomid`) values (1238,7,4,23);
insert  into `slots`(`slotid`,`dayid`,`slottypeid`,`roomid`) values (1239,7,4,24);
insert  into `slots`(`slotid`,`dayid`,`slottypeid`,`roomid`) values (1240,7,4,25);
insert  into `slots`(`slotid`,`dayid`,`slottypeid`,`roomid`) values (1241,7,4,26);
insert  into `slots`(`slotid`,`dayid`,`slottypeid`,`roomid`) values (1242,7,4,27);
insert  into `slots`(`slotid`,`dayid`,`slottypeid`,`roomid`) values (1243,7,4,28);
insert  into `slots`(`slotid`,`dayid`,`slottypeid`,`roomid`) values (1244,7,4,29);
insert  into `slots`(`slotid`,`dayid`,`slottypeid`,`roomid`) values (1245,7,4,30);
insert  into `slots`(`slotid`,`dayid`,`slottypeid`,`roomid`) values (1246,7,4,32);
insert  into `slots`(`slotid`,`dayid`,`slottypeid`,`roomid`) values (1247,7,4,33);
insert  into `slots`(`slotid`,`dayid`,`slottypeid`,`roomid`) values (1248,7,4,34);
insert  into `slots`(`slotid`,`dayid`,`slottypeid`,`roomid`) values (1249,7,4,35);
insert  into `slots`(`slotid`,`dayid`,`slottypeid`,`roomid`) values (1250,7,4,36);
insert  into `slots`(`slotid`,`dayid`,`slottypeid`,`roomid`) values (1251,7,4,37);
insert  into `slots`(`slotid`,`dayid`,`slottypeid`,`roomid`) values (1252,7,4,38);
insert  into `slots`(`slotid`,`dayid`,`slottypeid`,`roomid`) values (1253,7,4,39);
insert  into `slots`(`slotid`,`dayid`,`slottypeid`,`roomid`) values (1254,7,4,40);
insert  into `slots`(`slotid`,`dayid`,`slottypeid`,`roomid`) values (1255,7,4,41);
insert  into `slots`(`slotid`,`dayid`,`slottypeid`,`roomid`) values (1256,7,4,42);
insert  into `slots`(`slotid`,`dayid`,`slottypeid`,`roomid`) values (1257,7,4,43);
insert  into `slots`(`slotid`,`dayid`,`slottypeid`,`roomid`) values (1258,7,4,44);
insert  into `slots`(`slotid`,`dayid`,`slottypeid`,`roomid`) values (1259,7,4,45);
insert  into `slots`(`slotid`,`dayid`,`slottypeid`,`roomid`) values (1260,7,4,46);
insert  into `slots`(`slotid`,`dayid`,`slottypeid`,`roomid`) values (1261,1,1,31);
insert  into `slots`(`slotid`,`dayid`,`slottypeid`,`roomid`) values (1262,1,2,31);
insert  into `slots`(`slotid`,`dayid`,`slottypeid`,`roomid`) values (1263,1,3,31);
insert  into `slots`(`slotid`,`dayid`,`slottypeid`,`roomid`) values (1264,1,4,31);
insert  into `slots`(`slotid`,`dayid`,`slottypeid`,`roomid`) values (1265,2,1,31);
insert  into `slots`(`slotid`,`dayid`,`slottypeid`,`roomid`) values (1266,2,2,31);
insert  into `slots`(`slotid`,`dayid`,`slottypeid`,`roomid`) values (1267,2,3,31);
insert  into `slots`(`slotid`,`dayid`,`slottypeid`,`roomid`) values (1268,2,4,31);
insert  into `slots`(`slotid`,`dayid`,`slottypeid`,`roomid`) values (1269,3,1,31);
insert  into `slots`(`slotid`,`dayid`,`slottypeid`,`roomid`) values (1270,3,2,31);
insert  into `slots`(`slotid`,`dayid`,`slottypeid`,`roomid`) values (1271,3,3,31);
insert  into `slots`(`slotid`,`dayid`,`slottypeid`,`roomid`) values (1272,3,4,31);
insert  into `slots`(`slotid`,`dayid`,`slottypeid`,`roomid`) values (1273,4,1,31);
insert  into `slots`(`slotid`,`dayid`,`slottypeid`,`roomid`) values (1274,4,2,31);
insert  into `slots`(`slotid`,`dayid`,`slottypeid`,`roomid`) values (1275,4,3,31);
insert  into `slots`(`slotid`,`dayid`,`slottypeid`,`roomid`) values (1276,4,4,31);
insert  into `slots`(`slotid`,`dayid`,`slottypeid`,`roomid`) values (1277,5,1,31);
insert  into `slots`(`slotid`,`dayid`,`slottypeid`,`roomid`) values (1278,5,2,31);
insert  into `slots`(`slotid`,`dayid`,`slottypeid`,`roomid`) values (1279,5,3,31);
insert  into `slots`(`slotid`,`dayid`,`slottypeid`,`roomid`) values (1280,5,4,31);
insert  into `slots`(`slotid`,`dayid`,`slottypeid`,`roomid`) values (1281,6,1,31);
insert  into `slots`(`slotid`,`dayid`,`slottypeid`,`roomid`) values (1282,6,2,31);
insert  into `slots`(`slotid`,`dayid`,`slottypeid`,`roomid`) values (1283,6,3,31);
insert  into `slots`(`slotid`,`dayid`,`slottypeid`,`roomid`) values (1284,6,4,31);
insert  into `slots`(`slotid`,`dayid`,`slottypeid`,`roomid`) values (1285,7,1,31);
insert  into `slots`(`slotid`,`dayid`,`slottypeid`,`roomid`) values (1286,7,2,31);
insert  into `slots`(`slotid`,`dayid`,`slottypeid`,`roomid`) values (1287,7,3,31);
insert  into `slots`(`slotid`,`dayid`,`slottypeid`,`roomid`) values (1288,7,4,31);

/*Table structure for table `slottype` */

CREATE TABLE `slottype` (
  `slottypeid` int(11) NOT NULL,
  `duration` varchar(50) default NULL,
  `slotno` int(11) default NULL,
  `slottype` int(11) default NULL,
  `subslot` int(11) default NULL,
  PRIMARY KEY  (`slottypeid`)
) ENGINE=MyISAM DEFAULT CHARSET=latin1;

/*Data for the table `slottype` */

insert  into `slottype`(`slottypeid`,`duration`,`slotno`,`slottype`,`subslot`) values (1,'08:30 - 11:30 ',1,1,NULL);
insert  into `slottype`(`slottypeid`,`duration`,`slotno`,`slottype`,`subslot`) values (2,'11:45 - 02:45 ',2,1,NULL);
insert  into `slottype`(`slottypeid`,`duration`,`slotno`,`slottype`,`subslot`) values (3,'03:15 - 06:15 ',3,1,NULL);
insert  into `slottype`(`slottypeid`,`duration`,`slotno`,`slottype`,`subslot`) values (4,'06:30 - 09:30 ',4,1,NULL);
insert  into `slottype`(`slottypeid`,`duration`,`slotno`,`slottype`,`subslot`) values (5,'08:30 - 10:00 ',1,2,1);
insert  into `slottype`(`slottypeid`,`duration`,`slotno`,`slottype`,`subslot`) values (6,'10:00 - 11:30 ',2,2,1);
insert  into `slottype`(`slottypeid`,`duration`,`slotno`,`slottype`,`subslot`) values (7,'11:45 - 01:15 ',3,2,2);
insert  into `slottype`(`slottypeid`,`duration`,`slotno`,`slottype`,`subslot`) values (8,'01:30 - 03:00 ',4,2,2);
insert  into `slottype`(`slottypeid`,`duration`,`slotno`,`slottype`,`subslot`) values (9,'03:15 - 04:45 ',5,2,3);
insert  into `slottype`(`slottypeid`,`duration`,`slotno`,`slottype`,`subslot`) values (10,'04:45 - 06:15 ',6,2,3);

/*Table structure for table `teacher` */

CREATE TABLE `teacher` (
  `teacherid` int(11) NOT NULL default '0',
  `teachername` varchar(50) default NULL,
  PRIMARY KEY  (`teacherid`)
) ENGINE=MyISAM DEFAULT CHARSET=latin1;

/*Data for the table `teacher` */

insert  into `teacher`(`teacherid`,`teachername`) values (1,'Aalumgir  Shah');
insert  into `teacher`(`teacherid`,`teachername`) values (2,'Abdul  H. Saeed');
insert  into `teacher`(`teacherid`,`teachername`) values (3,'Adarsh  Khalique');
insert  into `teacher`(`teacherid`,`teachername`) values (4,'Adeel  Ahmed');
insert  into `teacher`(`teacherid`,`teachername`) values (5,'Adeel  Hasan');
insert  into `teacher`(`teacherid`,`teachername`) values (6,'Adeel  Karim');
insert  into `teacher`(`teacherid`,`teachername`) values (7,'Afzal  Ahmed');
insert  into `teacher`(`teacherid`,`teachername`) values (8,'Ahmed Ali Memon');
insert  into `teacher`(`teacherid`,`teachername`) values (9,'Ali  Merchant');
insert  into `teacher`(`teacherid`,`teachername`) values (10,'Ali  Nasir');
insert  into `teacher`(`teacherid`,`teachername`) values (11,'Ali Shahryar Rizvi');
insert  into `teacher`(`teacherid`,`teachername`) values (12,'Aliya  Saleem');
insert  into `teacher`(`teacherid`,`teachername`) values (13,'Amar  Khan');
insert  into `teacher`(`teacherid`,`teachername`) values (14,'Ambreen  Ahmed');
insert  into `teacher`(`teacherid`,`teachername`) values (15,'Amjad  Ali');
insert  into `teacher`(`teacherid`,`teachername`) values (16,'Aneel  Ahmed');
insert  into `teacher`(`teacherid`,`teachername`) values (17,'Aneela  Ramzan');
insert  into `teacher`(`teacherid`,`teachername`) values (18,'Anita  Makhani');
insert  into `teacher`(`teacherid`,`teachername`) values (19,'Arsalan  Zafar');
insert  into `teacher`(`teacherid`,`teachername`) values (20,'Asad  Faruqi');
insert  into `teacher`(`teacherid`,`teachername`) values (21,'Asif  Noorani');
insert  into `teacher`(`teacherid`,`teachername`) values (22,'Asif Ali Azad');
insert  into `teacher`(`teacherid`,`teachername`) values (23,'Asim  Riaz');
insert  into `teacher`(`teacherid`,`teachername`) values (24,'Asma  Bashir');
insert  into `teacher`(`teacherid`,`teachername`) values (25,'Atif  Saeed');
insert  into `teacher`(`teacherid`,`teachername`) values (26,'Ayesha  Tariq');
insert  into `teacher`(`teacherid`,`teachername`) values (27,'Ayesha Latif Shaikh');
insert  into `teacher`(`teacherid`,`teachername`) values (28,'Babar Naeem Sheikh');
insert  into `teacher`(`teacherid`,`teachername`) values (29,'Behroz  Mirza');
insert  into `teacher`(`teacherid`,`teachername`) values (30,'Bilal  Zubedi');
insert  into `teacher`(`teacherid`,`teachername`) values (31,'Dania Majeed');
insert  into `teacher`(`teacherid`,`teachername`) values (32,'Dr Abdul Qader');
insert  into `teacher`(`teacherid`,`teachername`) values (33,'Dr Mohsin Naqvi');
insert  into `teacher`(`teacherid`,`teachername`) values (34,'Dr Syed Zaryab Ahmed');
insert  into `teacher`(`teacherid`,`teachername`) values (35,'Dr.  Zainab');
insert  into `teacher`(`teacherid`,`teachername`) values (36,'Dr. Bilal Ahmed Usmani');
insert  into `teacher`(`teacherid`,`teachername`) values (37,'Dr. Faraz  Junejo');
insert  into `teacher`(`teacherid`,`teachername`) values (38,'Dr. Farheen Nasir');
insert  into `teacher`(`teacherid`,`teachername`) values (39,'Dr. Ghazala Rahman');
insert  into `teacher`(`teacherid`,`teachername`) values (40,'Dr. Husnain Inayat');
insert  into `teacher`(`teacherid`,`teachername`) values (41,'Dr. Husnain Mansoor Ali');
insert  into `teacher`(`teacherid`,`teachername`) values (42,'Dr. Imran  Amin');
insert  into `teacher`(`teacherid`,`teachername`) values (43,'Dr. Jameel Ahmed');
insert  into `teacher`(`teacherid`,`teachername`) values (44,'Dr. Kashif Ali');
insert  into `teacher`(`teacherid`,`teachername`) values (45,'Dr. Mohammad NomanSyed');
insert  into `teacher`(`teacherid`,`teachername`) values (46,'Dr. Muhammad Kashif');
insert  into `teacher`(`teacherid`,`teachername`) values (47,'Dr. Muhammad Suleman Otho');
insert  into `teacher`(`teacherid`,`teachername`) values (48,'Dr. Nadeem Syed');
insert  into `teacher`(`teacherid`,`teachername`) values (49,'Dr. Raza Akbar');
insert  into `teacher`(`teacherid`,`teachername`) values (50,'Dr. Riaz Shaikh');
insert  into `teacher`(`teacherid`,`teachername`) values (51,'Dr. Syed Mustafa Ali Zaidi');
insert  into `teacher`(`teacherid`,`teachername`) values (52,'Dr. Syed Saif ur Rahman');
insert  into `teacher`(`teacherid`,`teachername`) values (53,'Dr. Zulfiqar Naqvi');
insert  into `teacher`(`teacherid`,`teachername`) values (54,'Dr.Javed  Ahmed Qureshi');
insert  into `teacher`(`teacherid`,`teachername`) values (55,'Dr.Manzoor Ali Irsan');
insert  into `teacher`(`teacherid`,`teachername`) values (56,'Dr.Muhammad Zaki Rashidi');
insert  into `teacher`(`teacherid`,`teachername`) values (57,'Dr.Sarosh Salman Baloch');
insert  into `teacher`(`teacherid`,`teachername`) values (58,'Dr.Tahir Abdul Hussain');
insert  into `teacher`(`teacherid`,`teachername`) values (59,'Eefa  Khalid');
insert  into `teacher`(`teacherid`,`teachername`) values (60,'Eman Bente Syed');
insert  into `teacher`(`teacherid`,`teachername`) values (61,'Fahad  Faruqui');
insert  into `teacher`(`teacherid`,`teachername`) values (62,'Fahad  Zuberi');
insert  into `teacher`(`teacherid`,`teachername`) values (63,'Fahad Muhammed Ali');
insert  into `teacher`(`teacherid`,`teachername`) values (64,'Faisal Ali Shaikh');
insert  into `teacher`(`teacherid`,`teachername`) values (65,'Faiz  Rasool');
insert  into `teacher`(`teacherid`,`teachername`) values (66,'Faiza   Sharif');
insert  into `teacher`(`teacherid`,`teachername`) values (67,'Faizan  Iqbal');
insert  into `teacher`(`teacherid`,`teachername`) values (68,'Farah  Ashraf');
insert  into `teacher`(`teacherid`,`teachername`) values (69,'Farhan  Ahmed');
insert  into `teacher`(`teacherid`,`teachername`) values (70,'Faria  Jameel');
insert  into `teacher`(`teacherid`,`teachername`) values (71,'Farid  Zafar');
insert  into `teacher`(`teacherid`,`teachername`) values (72,'Fariha   Raza');
insert  into `teacher`(`teacherid`,`teachername`) values (73,'Faryal  Salman');
insert  into `teacher`(`teacherid`,`teachername`) values (74,'Fatima Rehan Dar');
insert  into `teacher`(`teacherid`,`teachername`) values (75,'Ferhan  Syed');
insert  into `teacher`(`teacherid`,`teachername`) values (76,'Furqan Alam Farooqui');
insert  into `teacher`(`teacherid`,`teachername`) values (77,'Hammad Afzal Kayani');
insert  into `teacher`(`teacherid`,`teachername`) values (78,'Hammad Javed Vohra');
insert  into `teacher`(`teacherid`,`teachername`) values (79,'Hareem  Siddiqui');
insert  into `teacher`(`teacherid`,`teachername`) values (80,'Haroon  Rasheed');
insert  into `teacher`(`teacherid`,`teachername`) values (81,'Hassan  Masroor');
insert  into `teacher`(`teacherid`,`teachername`) values (82,'Hina   khan');
insert  into `teacher`(`teacherid`,`teachername`) values (83,'Hina  Mubeen');
insert  into `teacher`(`teacherid`,`teachername`) values (84,'Hira  Anwar');
insert  into `teacher`(`teacherid`,`teachername`) values (85,'Huma  Jamshed');
insert  into `teacher`(`teacherid`,`teachername`) values (86,'Humayun  Memon');
insert  into `teacher`(`teacherid`,`teachername`) values (87,'Humera  Rafique');
insert  into `teacher`(`teacherid`,`teachername`) values (88,'Humma Nargis Iqbal');
insert  into `teacher`(`teacherid`,`teachername`) values (89,'Iffat  Zehra');
insert  into `teacher`(`teacherid`,`teachername`) values (90,'Imran  Alam');
insert  into `teacher`(`teacherid`,`teachername`) values (91,'Imran  Omer');
insert  into `teacher`(`teacherid`,`teachername`) values (92,'Irfan   Kheri');
insert  into `teacher`(`teacherid`,`teachername`) values (93,'irfan  khan');
insert  into `teacher`(`teacherid`,`teachername`) values (94,'Irfan Samad Khan');
insert  into `teacher`(`teacherid`,`teachername`) values (95,'Islah  Uddin');
insert  into `teacher`(`teacherid`,`teachername`) values (96,'Ismail  Mansoor');
insert  into `teacher`(`teacherid`,`teachername`) values (97,'Jahangir  Ali');
insert  into `teacher`(`teacherid`,`teachername`) values (98,'Jahanzeb  Asim');
insert  into `teacher`(`teacherid`,`teachername`) values (99,'Jamil  Ahmed');
insert  into `teacher`(`teacherid`,`teachername`) values (100,'Jaya S. Loungani');
insert  into `teacher`(`teacherid`,`teachername`) values (101,'Kashan  Nasir');
insert  into `teacher`(`teacherid`,`teachername`) values (102,'Kashif   Rasool');
insert  into `teacher`(`teacherid`,`teachername`) values (103,'Kashif  Rashid');
insert  into `teacher`(`teacherid`,`teachername`) values (104,'Kashif Siddiq Patoli');
insert  into `teacher`(`teacherid`,`teachername`) values (105,'Khalid Rasheed Shaikh');
insert  into `teacher`(`teacherid`,`teachername`) values (106,'Khalil Ur Rehman Shaikh');
insert  into `teacher`(`teacherid`,`teachername`) values (107,'khawaja   Mohiuddin');
insert  into `teacher`(`teacherid`,`teachername`) values (108,'Khawar  -');
insert  into `teacher`(`teacherid`,`teachername`) values (109,'Khurram  Abbas');
insert  into `teacher`(`teacherid`,`teachername`) values (110,'Khurram  Raza');
insert  into `teacher`(`teacherid`,`teachername`) values (111,'Kiran  Fatima');
insert  into `teacher`(`teacherid`,`teachername`) values (112,'Kumail Raza Hemani');
insert  into `teacher`(`teacherid`,`teachername`) values (113,'Mahmood  Nanji');
insert  into `teacher`(`teacherid`,`teachername`) values (114,'Mahwish  Ejaz');
insert  into `teacher`(`teacherid`,`teachername`) values (115,'Majid  Siddiqui');
insert  into `teacher`(`teacherid`,`teachername`) values (116,'Mansoor  Raza');
insert  into `teacher`(`teacherid`,`teachername`) values (117,'Mansoor Alam Khan');
insert  into `teacher`(`teacherid`,`teachername`) values (118,'Maria  -');
insert  into `teacher`(`teacherid`,`teachername`) values (119,'Maria  Kamal');
insert  into `teacher`(`teacherid`,`teachername`) values (120,'Marjan  Sikandar');
insert  into `teacher`(`teacherid`,`teachername`) values (121,'Masood  Ahmed');
insert  into `teacher`(`teacherid`,`teachername`) values (122,'Masood Ahmed Khan');
insert  into `teacher`(`teacherid`,`teachername`) values (123,'Mazhar  Ali');
insert  into `teacher`(`teacherid`,`teachername`) values (124,'Meraj   Uddin');
insert  into `teacher`(`teacherid`,`teachername`) values (125,'Mirza Muhammad Amir');
insert  into `teacher`(`teacherid`,`teachername`) values (126,'Moazzam  Kamran');
insert  into `teacher`(`teacherid`,`teachername`) values (127,'Moez  Allidina');
insert  into `teacher`(`teacherid`,`teachername`) values (128,'Moez ul Hassan');
insert  into `teacher`(`teacherid`,`teachername`) values (129,'Mohammad  Shan');
insert  into `teacher`(`teacherid`,`teachername`) values (130,'Mohammad  Usman');
insert  into `teacher`(`teacherid`,`teachername`) values (131,'Mohammad  Zafar');
insert  into `teacher`(`teacherid`,`teachername`) values (132,'Mohammad Adeel Qureshi');
insert  into `teacher`(`teacherid`,`teachername`) values (133,'Mohammad Ali Saeed');
insert  into `teacher`(`teacherid`,`teachername`) values (134,'Mohammad Asim Ali');
insert  into `teacher`(`teacherid`,`teachername`) values (135,'Mohammad Elia Qazilbash');
insert  into `teacher`(`teacherid`,`teachername`) values (136,'Mohammad Zakaullah Khan');
insert  into `teacher`(`teacherid`,`teachername`) values (137,'Mohsin  Adhi');
insert  into `teacher`(`teacherid`,`teachername`) values (138,'Moomal  Pirzada');
insert  into `teacher`(`teacherid`,`teachername`) values (139,'Mubeen Ahmed Khan');
insert  into `teacher`(`teacherid`,`teachername`) values (140,'Muhammad  Ahmed');
insert  into `teacher`(`teacherid`,`teachername`) values (141,'Muhammad  Fahad');
insert  into `teacher`(`teacherid`,`teachername`) values (142,'Muhammad  Issa');
insert  into `teacher`(`teacherid`,`teachername`) values (143,'Muhammad  Sajid');
insert  into `teacher`(`teacherid`,`teachername`) values (144,'Muhammad Adeel Hanif');
insert  into `teacher`(`teacherid`,`teachername`) values (145,'Muhammad Ali Jangda');
insert  into `teacher`(`teacherid`,`teachername`) values (146,'Muhammad Faizan Khan');
insert  into `teacher`(`teacherid`,`teachername`) values (147,'Muhammad Jiyad Shaikh');
insert  into `teacher`(`teacherid`,`teachername`) values (148,'Muhammad Kashif Khan');
insert  into `teacher`(`teacherid`,`teachername`) values (149,'Muhammad Mujtaba Babar');
insert  into `teacher`(`teacherid`,`teachername`) values (150,'Muhammad Mumtaz Khan');
insert  into `teacher`(`teacherid`,`teachername`) values (151,'Muhammad Shahzad Haroon');
insert  into `teacher`(`teacherid`,`teachername`) values (152,'Muhammad Tehsin Malik');
insert  into `teacher`(`teacherid`,`teachername`) values (153,'Muhammad Yousuf Razzak');
insert  into `teacher`(`teacherid`,`teachername`) values (154,'Munir Ahmed Abbasi');
insert  into `teacher`(`teacherid`,`teachername`) values (155,'Muntasir  Sattar');
insert  into `teacher`(`teacherid`,`teachername`) values (156,'Muntazir  Haider');
insert  into `teacher`(`teacherid`,`teachername`) values (157,'Muqtida  Ali');
insert  into `teacher`(`teacherid`,`teachername`) values (158,'Murium Fatima Javed');
insert  into `teacher`(`teacherid`,`teachername`) values (159,'Mustafa Hassan Ali');
insert  into `teacher`(`teacherid`,`teachername`) values (160,'Mustafa M. Hussain');
insert  into `teacher`(`teacherid`,`teachername`) values (161,'Muzammil  Mumtaz');
insert  into `teacher`(`teacherid`,`teachername`) values (162,'Nadira  Zaidi');
insert  into `teacher`(`teacherid`,`teachername`) values (163,'Najeeb Rehman Bhutto');
insert  into `teacher`(`teacherid`,`teachername`) values (164,'Nasreen  Bano');
insert  into `teacher`(`teacherid`,`teachername`) values (165,'Nausheen  Ashraf');
insert  into `teacher`(`teacherid`,`teachername`) values (166,'Nida  Shabbir');
insert  into `teacher`(`teacherid`,`teachername`) values (167,'Nosheen  Maqsood');
insert  into `teacher`(`teacherid`,`teachername`) values (168,'Qazi Zeeshan Aziz');
insert  into `teacher`(`teacherid`,`teachername`) values (169,'Qurat Ul Ain Leghari');
insert  into `teacher`(`teacherid`,`teachername`) values (170,'Rafil  Riaz');
insert  into `teacher`(`teacherid`,`teachername`) values (171,'Rao  Anique');
insert  into `teacher`(`teacherid`,`teachername`) values (172,'Rashid  Nawabdin');
insert  into `teacher`(`teacherid`,`teachername`) values (173,'Rimsha  Bilal');
insert  into `teacher`(`teacherid`,`teachername`) values (174,'Rizwan Raheem Ahmed');
insert  into `teacher`(`teacherid`,`teachername`) values (175,'S M Ahsan');
insert  into `teacher`(`teacherid`,`teachername`) values (176,'Saad   Yasin');
insert  into `teacher`(`teacherid`,`teachername`) values (177,'Saad  Lakhani');
insert  into `teacher`(`teacherid`,`teachername`) values (178,'Saba  Mumtaz');
insert  into `teacher`(`teacherid`,`teachername`) values (179,'Sabahat  Naseem');
insert  into `teacher`(`teacherid`,`teachername`) values (180,'Sabina  Qazi');
insert  into `teacher`(`teacherid`,`teachername`) values (181,'Sadiya Azeem Durrani');
insert  into `teacher`(`teacherid`,`teachername`) values (182,'Saima  Hussain');
insert  into `teacher`(`teacherid`,`teachername`) values (183,'Sameen  Ghani');
insert  into `teacher`(`teacherid`,`teachername`) values (184,'Samin  Ahmad');
insert  into `teacher`(`teacherid`,`teachername`) values (185,'Sanya  Shahid');
insert  into `teacher`(`teacherid`,`teachername`) values (186,'Saqlain  Zaidi');
insert  into `teacher`(`teacherid`,`teachername`) values (187,'Sarah Abdul Rahim');
insert  into `teacher`(`teacherid`,`teachername`) values (188,'Sarah Wali Qazi');
insert  into `teacher`(`teacherid`,`teachername`) values (189,'Sarmad  Hameed');
insert  into `teacher`(`teacherid`,`teachername`) values (190,'Sarwat  Tamer');
insert  into `teacher`(`teacherid`,`teachername`) values (191,'Sassi  Bhutto');
insert  into `teacher`(`teacherid`,`teachername`) values (192,'Semeen Wajahat Khan');
insert  into `teacher`(`teacherid`,`teachername`) values (193,'Shahab  Mehmood');
insert  into `teacher`(`teacherid`,`teachername`) values (194,'Shahzeb   Shaikh');
insert  into `teacher`(`teacherid`,`teachername`) values (195,'Shariq  Chhapra');
insert  into `teacher`(`teacherid`,`teachername`) values (196,'Shaukat  Ali');
insert  into `teacher`(`teacherid`,`teachername`) values (197,'Shazia  Salam');
insert  into `teacher`(`teacherid`,`teachername`) values (198,'Sheeraz  Khan');
insert  into `teacher`(`teacherid`,`teachername`) values (199,'Shehla  Sidiki');
insert  into `teacher`(`teacherid`,`teachername`) values (200,'Shumaila  Kashif');
insert  into `teacher`(`teacherid`,`teachername`) values (201,'Soniya  Warraich');
insert  into `teacher`(`teacherid`,`teachername`) values (202,'Soofia  Ishaque');
insert  into `teacher`(`teacherid`,`teachername`) values (203,'Subeika  Rizvi1');
insert  into `teacher`(`teacherid`,`teachername`) values (204,'Sultan  Mughal');
insert  into `teacher`(`teacherid`,`teachername`) values (205,'Sumair  Siraj');
insert  into `teacher`(`teacherid`,`teachername`) values (206,'Sumayya  Salim');
insert  into `teacher`(`teacherid`,`teachername`) values (207,'Syed  Muhammad Yousuf');
insert  into `teacher`(`teacherid`,`teachername`) values (208,'Syed Ghayyur Alam');
insert  into `teacher`(`teacherid`,`teachername`) values (209,'Syed Muhammad Ahsan Rizvi');
insert  into `teacher`(`teacherid`,`teachername`) values (210,'Syed Muhammad Ali Shah');
insert  into `teacher`(`teacherid`,`teachername`) values (211,'Syed Muhammad Ghazenfur');
insert  into `teacher`(`teacherid`,`teachername`) values (212,'Syed Nasrullah Ali Qazi');
insert  into `teacher`(`teacherid`,`teachername`) values (213,'Syed Qaim Hussain Zaidi');
insert  into `teacher`(`teacherid`,`teachername`) values (214,'Syed Qaiser Hussain');
insert  into `teacher`(`teacherid`,`teachername`) values (215,'Syed Rehan Haider');
insert  into `teacher`(`teacherid`,`teachername`) values (216,'Syed Usman Hashmi');
insert  into `teacher`(`teacherid`,`teachername`) values (217,'Syeda Maria Khatoon Zaidi');
insert  into `teacher`(`teacherid`,`teachername`) values (218,'Tahira Adeel Zaman');
insert  into `teacher`(`teacherid`,`teachername`) values (219,'Taimur  Ahmed Suri');
insert  into `teacher`(`teacherid`,`teachername`) values (220,'Tanzila  Younas');
insert  into `teacher`(`teacherid`,`teachername`) values (221,'Tauheed Ullah Siddiqui');
insert  into `teacher`(`teacherid`,`teachername`) values (222,'Tazeen  Imran');
insert  into `teacher`(`teacherid`,`teachername`) values (223,'To be   Assinged');
insert  into `teacher`(`teacherid`,`teachername`) values (224,'Umair  Jangda');
insert  into `teacher`(`teacherid`,`teachername`) values (225,'Usman  A Qayyam');
insert  into `teacher`(`teacherid`,`teachername`) values (226,'Vivian Jonathan Xavier');
insert  into `teacher`(`teacherid`,`teachername`) values (227,'Wajeeh ul Hasan');
insert  into `teacher`(`teacherid`,`teachername`) values (228,'Wajeeha Fatima Javed');
insert  into `teacher`(`teacherid`,`teachername`) values (229,'Zaheer Kazim Siddiqui');
insert  into `teacher`(`teacherid`,`teachername`) values (230,'Zahra  Sethi');
insert  into `teacher`(`teacherid`,`teachername`) values (231,'Zareen  Sharf');
insert  into `teacher`(`teacherid`,`teachername`) values (232,'Zebunnisa  Burki');
insert  into `teacher`(`teacherid`,`teachername`) values (233,'Zeeshan  Haider');
insert  into `teacher`(`teacherid`,`teachername`) values (234,'Zohaib  Jan');
insert  into `teacher`(`teacherid`,`teachername`) values (235,'Zubair A. Shah');
insert  into `teacher`(`teacherid`,`teachername`) values (236,'-');

/* Procedure structure for procedure `Available` */

DELIMITER $$

/*!50003 CREATE DEFINER=`root`@`localhost` PROCEDURE `Available`( IN term varchar(100) )
BEGIN
SELECT * FROM (
SELECT s.slotid, CONCAT(SUBSTRING(d.DayName, 1, 3), ' ', r.RoomNo, ' ',st.Duration,' (', r.Campus, ')') AS slotname, st.Occupied  
FROM slots s, days d, vslottype st, room r WHERE d.dayid = s.dayid AND st.SlotTypeId = s.SlotTypeId 
AND r.roomid = s.roomid 
AND slotid NOT IN (
        SELECT s.slotid FROM slots s
        JOIN SCHEDULE sch
        ON s.slotid = sch.slotid
        GROUP BY slotid
)
UNION
SELECT u.slotid , CONCAT(SUBSTRING(d.DayName, 1, 3), ' ', r.RoomNo, ' ',st.Duration,' (', r.Campus, ')') AS slotname, u.ava as 'Occupied'
FROM (
    SELECT s.*, ABS(SUM(sch.occupied)-3) as 'ava'
    FROM slots s
    JOIN SCHEDULE sch ON s.slotid = sch.slotid
    GROUP BY slotid
    HAVING ABS(SUM(sch.occupied)-3) != 0
) u
JOIN days d ON d.dayid = u.dayid
JOIN room r ON r.roomid = u.roomid
JOIN vslottype st on st.slottypeid = u.slottypeid and st.occupied = u.ava
) tab
WHERE slotname LIKE CONCAT('%', term , '%')
ORDER BY slotid LIMIT 20;
END */$$
DELIMITER ;

/*Table structure for table `vschedule` */

DROP TABLE IF EXISTS `vschedule`;

/*!50001 CREATE TABLE  `vschedule`(
 `schid` int(11) ,
 `offid` int(11) ,
 `slotid` int(11) ,
 `courseid` int(11) ,
 `teacherid` int(11) ,
 `occupied` int(11) ,
 `code` varchar(15) ,
 `title` varchar(100) ,
 `teachername` varchar(50) ,
 `dayid` int(11) ,
 `slottypeid` int(11) ,
 `roomid` int(11) ,
 `duration` varchar(50) ,
 `slotno` int(11) ,
 `subslotid` int(11) ,
 `dayname` varchar(20) ,
 `roomno` varchar(20) ,
 `campus` varchar(20) ,
 `sectionname` varchar(25) 
)*/;

/*Table structure for table `vslottype` */

DROP TABLE IF EXISTS `vslottype`;

/*!50001 CREATE TABLE  `vslottype`(
 `slottypeid` int(11) ,
 `duration` varchar(50) ,
 `slotno` int(11) ,
 `sort` decimal(12,1) ,
 `subslotid` int(11) ,
 `occupied` bigint(20) 
)*/;

/*View structure for view vschedule */

/*!50001 DROP TABLE IF EXISTS `vschedule` */;
/*!50001 CREATE ALGORITHM=UNDEFINED DEFINER=`root`@`localhost` SQL SECURITY DEFINER VIEW `vschedule` AS select `schedule`.`schid` AS `schid`,`schedule`.`offid` AS `offid`,`schedule`.`slotid` AS `slotid`,`offeredcourse`.`courseid` AS `courseid`,`offeredcourse`.`teacherid` AS `teacherid`,`schedule`.`occupied` AS `occupied`,`course`.`code` AS `code`,`course`.`title` AS `title`,`teacher`.`teachername` AS `teachername`,`slots`.`dayid` AS `dayid`,`slots`.`slottypeid` AS `slottypeid`,`slots`.`roomid` AS `roomid`,`vslottype`.`duration` AS `duration`,`vslottype`.`slotno` AS `slotno`,`vslottype`.`subslotid` AS `subslotid`,`days`.`dayname` AS `dayname`,`room`.`roomno` AS `roomno`,`room`.`campus` AS `campus`,`sec`.`sectionname` AS `sectionname` from (((((((((`slots` join `vslottype` on((`slots`.`slottypeid` = `vslottype`.`slottypeid`))) join `schedule` on(((`schedule`.`occupied` = `vslottype`.`occupied`) and (`schedule`.`slotid` = `slots`.`slotid`)))) join `offeredcourse` on((`schedule`.`offid` = `offeredcourse`.`offid`))) join `sectiondetails` `sd` on((`schedule`.`offid` = `sd`.`offid`))) join `section` `sec` on((`sec`.`secid` = `sd`.`secid`))) join `course` on((`offeredcourse`.`courseid` = `course`.`courseid`))) join `teacher` on((`offeredcourse`.`teacherid` = `teacher`.`teacherid`))) join `days` on((`slots`.`dayid` = `days`.`dayid`))) join `room` on((`slots`.`roomid` = `room`.`roomid`))) */;

/*View structure for view vslottype */

/*!50001 DROP TABLE IF EXISTS `vslottype` */;
/*!50001 CREATE ALGORITHM=UNDEFINED DEFINER=`root`@`localhost` SQL SECURITY DEFINER VIEW `vslottype` AS select `p`.`slottypeid` AS `slottypeid`,`c`.`duration` AS `duration`,`p`.`slotno` AS `slotno`,`p`.`slottypeid` AS `sort`,`c`.`slottypeid` AS `subslotid`,(case when ((`c`.`slottypeid` % 2) = 0) then 2 when ((`c`.`slottypeid` % 2) <> 0) then 1 end) AS `occupied` from (`slottype` `p` join `slottype` `c`) where (`p`.`slottypeid` = `c`.`subslot`) union select `x`.`slottypeid` AS `slottypeid`,`x`.`duration` AS `duration`,`x`.`slotno` AS `slotno`,(`x`.`slottypeid` - 0.5) AS `sort`,`x`.`slottypeid` AS `subslotid`,3 AS `occupied` from `slottype` `x` where (`x`.`slottype` = 1) order by `sort`,`occupied` */;

/*!40101 SET SQL_MODE=@OLD_SQL_MODE */;
/*!40014 SET FOREIGN_KEY_CHECKS=@OLD_FOREIGN_KEY_CHECKS */;
/*!40014 SET UNIQUE_CHECKS=@OLD_UNIQUE_CHECKS */;
/*!40111 SET SQL_NOTES=@OLD_SQL_NOTES */;
