<?xml version="1.0"?>
<!DOCTYPE hibernate-mapping PUBLIC "-//Hibernate/Hibernate Mapping DTD 3.0//EN"
"http://www.hibernate.org/dtd/hibernate-mapping-3.0.dtd">
<!-- Generated May 11, 2016 9:02:46 PM by Hibernate Tools 4.3.1.Final -->
<hibernate-mapping>
    <class name="Offeredcourse" table="offeredcourse" catalog="sch2k16" optimistic-lock="version">
        <id name="offid" type="int">
            <column name="offid" />
            <generator class="assigned" />
        </id>
        <property name="courseid" type="java.lang.Integer">
            <column name="courseid" />
        </property>
        <property name="teacherid" type="java.lang.Integer">
            <column name="teacherid" />
        </property>
    </class>
</hibernate-mapping>
