<?xml version="1.0"?>
<!DOCTYPE hibernate-mapping PUBLIC "-//Hibernate/Hibernate Mapping DTD 3.0//EN"
"http://www.hibernate.org/dtd/hibernate-mapping-3.0.dtd">
<!-- Generated May 11, 2016 9:02:46 PM by Hibernate Tools 4.3.1.Final -->
<hibernate-mapping>
    <class name="Room" table="room" catalog="sch2k16" optimistic-lock="version">
        <id name="roomid" type="int">
            <column name="roomid" />
            <generator class="assigned" />
        </id>
        <property name="roomno" type="string">
            <column name="roomno" length="20" />
        </property>
        <property name="campus" type="string">
            <column name="campus" length="20" />
        </property>
        <property name="roomtype" type="string">
            <column name="roomtype" length="25" />
        </property>
    </class>
</hibernate-mapping>
