<?xml version="1.0"?>
<!DOCTYPE hibernate-mapping PUBLIC "-//Hibernate/Hibernate Mapping DTD 3.0//EN"
"http://www.hibernate.org/dtd/hibernate-mapping-3.0.dtd">
<!-- Generated May 11, 2016 9:02:46 PM by Hibernate Tools 4.3.1.Final -->
<hibernate-mapping>
    <class name="Sectiondetails" table="sectiondetails" catalog="sch2k16" optimistic-lock="version">
        <id name="sdid" type="java.lang.Integer">
            <column name="sdid" />
            <generator class="identity" />
        </id>
        <property name="offid" type="java.lang.Integer">
            <column name="offid" />
        </property>
        <property name="secid" type="java.lang.Integer">
            <column name="secid" />
        </property>
    </class>
</hibernate-mapping>
