<?xml version="1.0"?>
<!DOCTYPE hibernate-mapping PUBLIC "-//Hibernate/Hibernate Mapping DTD 3.0//EN"
"http://www.hibernate.org/dtd/hibernate-mapping-3.0.dtd">
<!-- Generated May 11, 2016 9:02:46 PM by Hibernate Tools 4.3.1.Final -->
<hibernate-mapping>
    <class name="Section" table="section" catalog="sch2k16" optimistic-lock="version">
        <id name="secid" type="int">
            <column name="secid" />
            <generator class="assigned" />
        </id>
        <property name="sectionname" type="string">
            <column name="sectionname" length="25" />
        </property>
    </class>
</hibernate-mapping>
